RecordNumber,Company_Name,Address,Phone,FAX,Notes,Website
1,Alfa Insurance,"P.O. Box 11000 Montgomery, AL 36191-0001",334-288-3900,,,
2,"BuyFilters.com, LLC","P.O. Box 581 Silverhill, AL 36576",866-863-1262,,,
3,Compass Marketing Inc,"175 Northshore Pl Gulf Shores, AL 36542",251-968-4600,251-968-5938 fax,,
4,Hatchett & Fagan Direct,"950 22nd Street North Suite 700 Birmingham, AL 35203-1128",205-458-8200,205-458-8206 fax,,
5,Medseek,"3000 Riverchase Galleria, Ste 1500 Birmingham, AL 35244",205-982-5800,,,
6,"Priester Pecan Company, Inc.","208 E. Old Fort Road Fort Deposit, AL 36032-4012",334-227-4301,,,
7,RayPress Corporation,"380 Riverchase Pkwy E Birmingham, AL 35244-1813",205-492-2414,205-989-7203 fax,,
8,Southern Poverty Law Center,"400 Washington Ave. Montgomery, AL 36104-4344",334-956-8200,,,
9,Winston and Winston Attorneys At Law,"1800 12th Ave S Birmingham, AL 35205-4812",205-933-2300,205-933-2321 fax,,
10,Acxiom Corporation,"601 E Third St. Little Rock, AR 72201",888-322-9466,501-252-1854 fax,...ARE YOU GETTING THE MOST OUT OF YOUR CUSTOMER INFORMATION? Many customer relationship solutions fail because companies do...,http://www.acxiom.com
11,The Heritage Company,"2402 Wildwood Ave. Ste. 500 North Little Rock, AR 72120-5094",501-835-5000,501-835-3828 fax,"...The Heritage Company is a full service agency specializing in residential donor reactivation and acquisition campaigns, business-to-business tele-fundraising, integrated phone-mail...",http://www.theheritagecompany.com
12,"Mays Mission for the Handicapped, Inc.","604 Colonial Dr Heber Springs, AR 72543-3425",501-362-7526,,,
13,"Wal-Mart Stores, Inc.","Division 1 - Legal 702 Southwest 8th Street Bentonville, AR 72716-0001",479-277-8402,,,
14,Higher Power Marketing,"P.O. Box 71250 Phoenix, AZ 85050",480-584-3535,480-907-1840 fax,"...Who We ArePer Inquiry Advertising Agency Higher Power Marketing (HPM) is one of the country's leading Per Inquiry Advertising agencies...",http://www.hpowermarketing.com
15,IMPACT International Marketing,"151 Riviera Dr., Bldg. B, Ste. #202 Lake Havasu City, AZ 86403",866-389-9798,866-291-3908 fax,"...Impact offers brand name merchandise (including off brand & closeouts), digital rewards, referral solutions, sweepstakes and games, travel incentives and...",http://www.iimgroup.com
16,IPM Advancement,"2340 E Beardsley Rd Suite 100 Phoenix, AZ 85024",623-687-3990,602-391-2830 fax,"...IPM Advancement is a direct marketing agency providing local and national nonprofit organizations with Fundraising, Membership, and Advocacy solutions integrating...",http://www.IPMAdvancement.com
17,"Laven & Loeb, Inc.","6501 E. Greenway Pkwy. Ste. 103-405 Scottsdale, AZ 85254",480-998-7360,216-291-8953 fax,"...Laven & Loeb, Inc., is a well-established ""boutique"" search firm headquartered in Phoenix, Arizona with an office in Cleveland, Ohio....",http://www.lavenandloeb.com
18,OnTrac,"3401 E. Harbour Dr. Phoenix, AZ 85034",800-334-5000,,"...OnTrac is proud to be the leader in regional overnight package delivery. Founded in 1991, as a division of...",http://ontrac.com
19,Alliance Defense Fund,"15100 N 90th St Scottsdale, AZ 85260-2901",480-444-0020,,,
20,"Best Mailing Lists, Inc.","7507 East Tanque Verde Road Tucson, AZ 85715-3636",520-885-0400,520-885-3100 fax,,
21,Casino Arizona,"PO Box 10099 Scottsdale, AZ 85271",480-850-7884,,,
22,Community Food Bank,"3003 S. Country Club Rd. P.O. Box 26727 Tucson, AZ 85726-6727",520-622-0525,,,
23,Direct Alliance Corporation,"8123 S Hardy Tempe, AZ 85284",800-535-0343,480-902-5920 fax,,
24,"Direct Response Enhancements, LLC","12772 East Sunnyside Drive Scottsdale, AZ 85259-3438",480-451-7384,480-661-8460 fax,,
25,DirectROI,"3100 W Ray Rd Suite 300 Chandler, AZ 85226",480-632-6688,480-632-6690 fax,,
26,DMB Realty Network,"20789 N. Pima Road Suite 250 Scottsdale, AZ 85255-9154",480-515-0148,,,
27,EPrintwerx/Leads Please,"PO Box 12634 Scottsdale, AZ 85267-2634",866-204-4596,775-201-3423 fax,,
28,Food for the Hungry,"1224 E. Washington St. Phoenix, AZ 85034-1365",480-998-3100,,,
29,iCrossing,"15169 N. Scottsdale Road Suite C-400 Scottsdale, AZ 85260",480-505-5800,,,
30,LPL,"Po Box 15610 Scottsdale, AZ 85267-5610",480-473-3767,,,
31,Make-A-Wish Foundation® of America,"4742 N. 24th Street Suite 400 Phoenix, AZ 85016",602-279-9474,,,
32,Maricopa County,"2411 West 14th Street Room 145 Tempe, AZ 85281",480-731-8948,,,
33,Medicx Media Solutions,"9364 East Raintree Drive Suite 101 Scottsdale, AZ 85260-2200",480-614-0060,,,
34,Muscular Dystrophy Association,"3300 E Sunrise Dr Tucson, AZ 85718-3299",520-529-2000,,,
35,Naturmed DBA-Insititute of Vibrant Living,"PO Box 1270 Camp Verde, AZ 86322",928-567-5175,,,
36,Nutri-Health Supplements,"260 Justin Drive Cottonwood, AZ 86326",928-340-5400,,,
37,Sir Speedy Printing & Marketing,"1961 Commerce Center Circle Prescott, AZ 86301",928-776-4332,928-776-4465 fax,,
38,"Smith Browning Direct, Inc.","45 Camielle Court Sedona, AZ 86336-5977",928-203-9420,,,
39,SPExpress,"6874 S. Palo Verde Road, Ste. 160 Tucson, AZ 85756, AZ 85756",520-573-1100,,,
40,Anderson Direct Marketing,"12650 Danielson Court Poway, CA 92064-6822",888-694-5094,858-413-0220 fax,"...Anderson Direct Marketing is a full-service direct marketing agency offering strategy, creative development, account management, media planning and analytics services....",http://www.andersonDM.com
41,Carney Direct Marketing,"15520 Rockfield Blvd. Ste. C Irvine, CA 92618-2792",949-581-5100,949-581-4564 fax,"...Whether you are looking for a list broker, list manager, database marketing or data processing professional, Carney Direct Marketing's experienced...",http://www.carneydirect.com
42,CoreLogic,"4 First American Way Santa Ana, CA 92707",866.774.3282,,"...ListSource, from CoreLogic is your source for property, homeowner and demographic based leads. Create highly targeted homeowner direct marketing lead...",http://www.listsource.com
43,Creative Lift,"115 Sansome Street San Francisco, CA 94104-4508",415-248-3174,415-398-0144 fax,"...We are a ""Results Agency"" based in San Francisco that is dedicated to producing top performing creative and strategy for...",http://www.creativelift.net
44,"Database Marketing Group, Inc.","5 Peters Canyon Road Suite 150 Irvine, CA 92606",714-727-0800,714.838.0327 fax,"...Our Mission: To make mail work better by anticipating our client's marketing challenges and opportunities, developing innovative and cost effective...",http://www.dbmgroup.com
45,Dial800,"9911 W. Pico Blvd Suite 1200 Los Angeles, CA 90035",310-273-9023,800-FAX-LINE fax,...Dial 800 empowers direct marketers and agencies with powerful tools that optimize conversion and sales. Youll have unparalleled insight into...,http://www.dial800.com
46,Direct Marketing Partners,"2045 Hallmark Drive Suite 5 Sacramento, CA 95825",916-974-6969,916-974-6974 fax,"...Direct Marketing Partners (DMP) is a leading B2B marketing service provider, specializing in the IT industry with a sub-specialty of...",http://www.directmarketingpartners.com
47,DMRA,"201 San Antonio Circle Suite 280 Mountian View, CA 94040",650-559-9988,650-559-0149 fax,...DMRA is an established database marketing vendor/partner that utilizes sophisticated database techniques and complete U.S. household and population demographics to...,http://www.dmrainc.com
48,Healthcare Data Solutions,"26741 Portola Parkway 1E646 Foothill Ranch, CA 92610",949-614-0080,949-421-5977 fax,...HDS provides accurate healthcare databases and healthcare industry business intelligence services. HDS provides clients with superior and accurate data and...,http://www.healthcaredatasolutions.com
49,iLoop Mobile,"25 Metro Dr. Suite 210 San Jose, CA 95110",408-907-3360,408-824-1398 fax,"...iLoop Mobile's mobile marketing solutions, professional services and training enable the most successful brands, direct marketing agencies, ad agencies and...",http://www.Iloopmobile.Com
50,interTrend Communications Inc,"555 E. Ocean Blvd. 9th Floor Long Beach, CA 90802",562-733-1778,562 733 1889 fax,"...About UsinterTrend Communications Inc. is an award winning full-service communication agency based in Long Beach, California. We help corporate America...",http://www.intertrend.com
51,"iVision Mobile, Inc.","9566 Topanga Canyon Blvd Chatsworth, CA 91311",866-655-5302,,...Mobile Marketing and Text Messaging Made Easy FREE MOBILE MARKETING WHITE PAPER...,http://www.ivisionmobile.com
52,"MarketLive, Inc.","625 Second Street Suite 100 Petaluma, CA 94952",877-341-5729,707-769-2661 fax,"...Since 1995, MarketLive, Inc. has provided enterprise-class eCommerce retail technology and services that help fast-growing companies successfully...",http://www.marketlive.com
53,Melissa Data Corp.,"22382 Avenida Empresa Rancho Santa Margarita, CA 92688",949-858-3000,949-589-5211 fax,"...Since 1985 Melissa Data has been providing data quality and mailing solutions for direct marketers. Well help you clean, verify...",http://www.melissadata.com
54,Modern Postcard,"1675 Faraday Ave. United States Carlsbad, CA 92008",760-431-7084,760-268-1700 fax,"...Modern Postcard has an absolute commitment to excellence in serving our customers' needs for direct marketing products and solutions. With...",http://www.modernpostcard.com/
55,Name-Finders Lists Inc,"8080 Capwell Drive Suite 100 Oakland, CA 94621",415-955-8585,415-955-8581 fax,"...Name-Finders Lists, Inc. -- Your Direct Marketing Source Since 1981 At Name-Finders Lists, Inc., we have designed and developed a full...",http://www.namefinders.com
56,Names In The News,"180 Grand Ave. Ste. 1545 Oakland, CA 94610",415-989-3350,415-433-7796 fax,...A leader in nonprofit direct mail fundraising for nonprofits. Pacific Lists division also handles the cultural creative marketplace Names in...,http://www.namesinthenews.com
57,Peppermill Marketing,"8335 Sunset Blvd Suite 246 West Hollywood, CA 90069",310-659-8900,310-659-8901 fax,"...Peppermill Marketing is a privately owned company that performs Direct Mail and Email List Management, List Acquisition and Direct Marketing...",http://www.peppermillmarketing.com
58,PTI Marketing Technologies,"201 Lomas Santa Fe Dr Suite 300 Solana Beach, CA 92075-1288",858-847-6600,858.793.4120 fax,"...Launched in 2000, Printable Technologies is a leading provider of technologies for intelligent marketing for both enterprise users and print...",http://www.pti.com
59,R2C Group,"333 Bryant Street Suite 160 San Francisco, CA 94107",415-398-4112,415-398-1648 fax,"...Welcome to the new age of Accountable Advertising! Today's consumers are more informed, more independent, and more skeptical than ever...",http://www.r2cgroup.com
60,Response ADvantage,"8635 Falmouth #301 Playa del Rey, CA 90293-8281",310-577-0389,310-577-8901 fax,"...Response ADvantage is a direct marketing, advertising and media consultancy with decades of experience offering strategic expertise, operational assistance, creative...",http://www.responseadvantage.com
61,Responsys,"900 Cherry Ave, Ste 500 San Bruno, CA 94066",800-624-5356,650-745-1701 fax,"...From the moment you choose the Responsys solution, you're supported by an experienced team of customer-focused professionals with unique marketing...",http://www.responsys.com
62,Ron Perrella DRS (DR Specialists),"29632 Seriana Laguna Niguel, CA 92677-7967",949-495-7661,949-495-7660 fax,...Mr. Perrella has been in advertising and marketing since 1957. He started as a client and then founded an advertising...,http://www.ronperrelladrs.com
63,"SK&A, A Cegedim Company","2601 Main St # 650 Irvine, CA 92614-4228",949-476-2051,949-476-2168 fax,"...For 28 years and counting, SK&A continues to provide the highest quality healthcare data solutions. A database containing over...",http://www.skainfo.com
64,SolutionSet,"100 Shoreline Hwy Mill Valley, CA 94941-3645",415-289-1110,415-289-0120 fax,...About UsSolutionSet helps businesses win and retain customers in profitable relationships. How? By activating your brand in the transactional space...,http://www.solutionset.com
65,StrongMail,"1300 Island Dr., Suite 200 Redwood City, CA 94065-5171",650-421-4200,650-421-4201 fax,"...StrongMail enables marketers to forge meaningful, profitable and long-lasting connections with their customers through email marketing and social media. With...",http://www.strongmail.com?cid=dma_direct
66,"Telecom, Inc.","2201 Broadway Suite103 Oakland, CA 94612",510-873-8283,510-873-8293 fax,"...Telecom, Inc. is a premier provider of outsourced contact center solutions. Our combination of customized services, the latest technology, and...",http://www.telecominc.com
67,The Copy Works,"12668 Camino Emparrado San Diego, CA 92128",858-676-6757,866-298-5364 fax,...Boost your B2B marketing success with copywriting that generates results. Enhance the power of your B2B direct marketing copy and see...,http://www.thecopyworks.com
68,The Kern Organization,"20955 Warner Center Lane Woodland Hills, CA 91367",818-703-8775,818-703-8458 fax,"...For clients who are unwilling to accept trade-offs, The Kern Organization is the ideal Direct Marketing partner. Sophisticated, efficient, and...",http://www.thekernorg.com
69,TOLLFREEFORWARDING,"5959 West Century Blvd. Suite 1108 Los Angeles, CA 90045",213-452-1505,,"...TollFreeForwarding.com is a privately owned Los Angeles-based telecommunications company providing businesses worldwide with US and international toll free telephone numbers,...",http://www.tollfreeforwarding.com
70,US Data Corporation,"30501 Agoura Rd., Ste. 102 Agoura Hills, CA 91301",818-444-4590,818-276-8321 fax,"...US Data Corporation is one of the nation's most reliable resources for accurate, responsive, and current consumer lists, business lists,...",http://www.usdatacorporation.com/
71,"VeraVista Solutions, LLC","1819 Polk Street #381 San Francisco, CA 94109",415-668-1788,,...What We Do VeraVista Solutions provides result-driven strategies to for-profit and not-for-profit organizations in start-up or growth mode. We work...,http://www.veravistasolutions.com
72,"Vidi Emi, Inc","2450 Washington Ave Suite 285 San Leandro, CA 94577",510-904-6977,,"...Since 1998, Vidi Emi has been a leader in email marketing solutions, helping clients enhance communication through advanced online...",http://www.vidiemi.com
73,VMBC,"8105 Irvine Center Dr. Suite 900 Irvine, CA 92618",714-437-0600,714-242-1989 fax,...VMBC (Voice & Mobile Broadcast Corporation) is widely recognized as the pioneer and industry leader in providing turn-key Voice &...,http://www.vmbc.com
74,"5 Guys Printing, Inc. dba PIP Printing","PO Box 1817 Yuba City, CA 95992",530-674-8040,,,
75,Admail West,"521 N 10th St Sacramento, CA 95814-0311",916-442-3613,916-442-0186 fax,,
76,Advanced Image Direct,"1415 S. Acacia Ave Fullerton, CA 92831",714-502-3900,,,
77,Advent Software Inc.,"600 Townsend 5th Floor San Francisco, CA 94103",415-645-1200,,,
78,Affinitive,"612 Howard St Suite 100 San Francisco, CA 94105",415-278-9700,,,
79,"Agia, Inc.","1155 Eugenia Place Carpinteria, CA 93013",805-566-9191,,,
80,ARAMARK Uniform Services,"115 North First Street Burbank, CA 91502",818-973-3700,818-973-2848 fax,,
81,"Ariba, Inc.","807 11th Avenue Sunnyvale, CA 94089",831-465-0898,,,
82,Arvato Digital Services,"29011 Commerce Center St. Valencia, CA 91355",818-445-9342,,,
83,Avery Dennison,"50 Pointe Dr Brea, CA 92821-3699",714-674-8500,,,
84,"Avrick Direct, Inc.","5951 Encina Rd. Ste. 104 Goleta, CA 93117-6251",805-683-6551,805-683-6553 fax,,
85,"B2B, LLC","8605 Santa Monica Boulevard, Dept 83797 West Hollywood, CA 90069",800-870-3221,415-706-3439 fax,,
86,Baker Corp.,"3020 Old Ranch Pkwy Ste 220 Seal Beach, CA 90740-8805",,,,
87,Beach Audio Inc.,"1601 N Sepulveda Blvd #712 Manhattan Beach, CA 90266",877-804-0495,,,
88,Bizo,"140 Pacific Ave San Francisco, CA 94111-1905",866-497-5505,,,
89,BlueCava,"2151 Michelson Drive Irvine, CA 92612",949-483-8880,,,
90,Bunchball,"355 Santana Row Ste 2020 San Jose, CA 95128-2052",408-985-2034,,,
91,Byrum & Fleming,"321 San Anselmo Ave. San Anselmo, CA 94960-2647",415-457-1700,,,
92,California Chamber of Commerce,"1332 N Market Blvd Sacramento, CA 95834-1912",800-331-8877,,,
93,Capital Insurance Group,"2300 Garden Rd Monterey, CA 93940-5326",831-233-5500,,,
94,Causata,"1400 Fashion Island Blvd, Suite 800 San Francisco, CA 94114",855-228-7282,,,
95,Cedar Creek Publishing,"5921 Clark Road, Suite D Paradise, CA 95969",530-872-0850,530-872-0851 fax,,
96,Century Park Capital Partners,"2101 Rosecrans Avenue Suite 4275 El Segundo, CA 90245",310-867-2210,,,
97,Charles Schwab,"101 Montgomery St San Francisco, CA 94104-4151",415-667-3178,,,
98,City of Hope Cancer Center,"1055 Wilshire Blvd Los Angeles, CA 90017-2431",626-256-4673,,,
99,CMConnolly,"9545 Coney Island Circle Elk Grove, CA 95758",916-897-8095,,,
100,Commercetel,"8929 Aero Drive San Diego, CA 92108",619-725-0938,,,
101,"Computerized Research & Development, Inc","6110 Auburn Folsom Rd Granite Bay, CA 95746-5868",916-652-0497,916-652-6252 fax,,
102,Continuum Global,"431 Bryant Street San Francisco, CA 94107",415-685-3301,,,
103,CoreLogic,"4 First American Way Santa Ana, CA 92707",800-426-1466,,,
104,"Corinthian Colleges, Inc.","6 Hutton Centre Drive Suite 400 Santa Ana, CA 92707",714-427-3000,,,
105,CustomerLink,"1376 Lead Hill Blvd Suite 150 Roseville, CA 95661",866-956-9308,,,
106,DataQuick,"9620 Towne Center Dr. San Diego, CA 92121",858-597-3221,,,
107,Dedicated Media,"909 Sepulveda Blvd, Suite 320 El Segundo, CA 90245",310-524-9400,,,
108,"DIRECTV, Inc.","2230 East Imperial Hwy Mail stop: N377 El Segundo, CA 90245",310-535-5000,3109644228 fax,,
109,"DMS Marketing, Inc.","25910 Acero Suite 240 Mission Viejo, CA 92691-7936",949-460-7300,949-460-7320 fax,,
110,"Dream Products, Inc.","9754 Deering Ave. Chatsworth, CA 91311-4301",818-773-4233,,,
111,DS Direct Communications,"1840 S Elena Ave Ste. 210 Redondo Beach, CA 90277-5717",310-540-4313,310-540-0032 fax,,
112,Ebay,"2211 N. 1st Street San Jose, CA 95051",408-376-7400,408-967-9927 fax,,
113,Education - Portal.com,"551 Pilgrim Dr Ste B Foster City, CA 94404",650-425-7511,6502274922 fax,,
114,"Egency - New ProImage, Inc","2545 West Hillcrest Dr #220 Thousand Oaks, CA 91320",805-277-6791,,,
115,Electronic Arts,"209 Redwood Shores Pkwy Redwood City, CA 94065-1175",650-628-1500,,,
116,"Eleven, Inc.","445 Bush St San Francisco, CA 94108-3707",415-707-1111,415-707-1100 fax,,
117,EMC,"6801 Koll Center Parkway Pleasanton, CA 94566-7047",508-435-1000,925-600-6850 fax,,
118,Emota,"5824 Wolff Court LA Mesa, CA 91942-4107",619-215-5665,,,
119,"En ESPANOL Publishing Group, LLC","301 N Canon Dr Suite 304 Beverly Hills, CA 90210",310-248-2680,,,
120,Entertainment Earth,"12730 Raymer St Ste 1 North Hollywood, CA 91605-4207",818-255-0090,,,
121,EPIC Media Group,"605 South Douglass St El Segundo, CA 90245",310-827-8800,310-827-5800 fax,,
122,ESignal,"3955 Point Eden Way Hayward, CA 94545-3720",510-266-6000,,,
123,ESRI,"380 New York Street Redlands, CA 92373",909-793-2853,909-307-3039 fax,,
124,Esser Vineyards,"4040 Spring Mt Rd Saint Helena, CA 94574",707-963-1300,,,
125,Excircle Web Interactive,"11538 Windcrest Drive, Ste 316 San Diego, CA 92128",214-435-1386,,,
126,"Facebook, Inc.","1601 S California Ave Palo Alto, CA 94304",650-543-4800,,,
127,FileMaker Inc.,"5201 Patrick Henry Drive Santa Clara, CA 95054",408-987-7000,408-987-3931 fax,,
128,"Fireman's Fund","777 San Marin Novato, CA 94998",415-899-4850,,,
129,Franchise Services Inc.,"26772 Plaza Mission Viejo, CA 92691-",949-282-3800,,,
130,Freestyle Photographic Supplies,"5124 Sunset Blvd. Los Angeles, CA 90027-9897",323-660-3640,,,
131,"Frontline Direct, Inc.","2658 Del Mar Heights Rd #203 Del Mar, CA 92014-3100",858-638-1515,,,
132,"Global Agora, LLC","22647 Ventura Blvd., #323 Woodland Hills, CA 91364",818-332-7947,,,
133,Global Decision,"92 Corporate Park Suite C761 Irvine, CA 92606",949-981-5775,,,
134,"Goodman Marketing Partners, Inc.","4340 Redwood Highway, Suite B-52 San Rafael, CA 94903-2121",610-913-0445,415-507-9067 fax,,
135,Guthy-Renker Corp.,"3340 Ocean Park Boulevard Suite 3055 Santa Monica, CA 90405-3268",310-581-6250,310-581-3443 fax,,
136,Harvest Communications,"115 Sansome Street Suite 801 San Francisco, CA 94104",800-303-6405,800-926-8038 fax,,
137,"HD Supply, Facilities Maintenance","10641 Scripps Summit Ct San Diego, CA 92131-3961",858-831-2000,,,
138,HG Data Company,"1411 Firestone Road Goleta, CA 93117",805-689-1765,,,
139,"Hobbs Direct, Inc.","1 Embarcadero Suite 500 San Fransisco, CA 94111",415-794-3320,,,
140,Icon Media Direct,"5910 Lemona Ave Van Nuys, CA 91411",818-995-6400,818-995-6405 fax,,
141,Ideal Living,"7821 Orion Avenue Ste 200 Lake Balboa, CA 91406",818-217-2500,818-785-0100 fax,,
142,Inflection,"101 University Avenue Suite 320 Palo Alto, CA 94301",650-618-9914,,,
143,"Infocore, Inc.","2375 Camino Vida Roble Ste. A Carlsbad, CA 92011-1556",760-607-2500,760-607-2505 fax,,
144,Information Agent,"P. O. Box 4675 Chico, CA 95927-4675",530-895-0431,530-895-8470 fax,,
145,"Integrated Marketing Technology, Inc.","2269 Chestnut St. #992 San Francisco, CA 94123",415-888-2013,415-634-1669 fax,,
146,"InterMedia Advertising, Inc.","15760 Ventura Blvd 1st Floor Encino, CA 91436-3000",818-995-1455,818-995-7115 fax,,
147,Intuit,"7535 Torrey Santa Fe Rd San Diego, CA 92129",858-215-7170,,,
148,Involver,"611 Mission Street 7th Floor San Francisco, CA 94105",877-309-8293,,,
149,"Iron Mountain Fulfillment Services, Inc.","Corporate Office 565 Sinclair Frontage Rd Milpitas, CA 95035",770-880-5418,,,
150,Kaiser Permanente,"3100 Thornton Ave. Burbank, CA 91504",818-557-6150,,,
151,KXEN,"201 Mission Street Suite 1950 San Francisco, CA 94105",415-904-4160,415-904-9041 fax,,
152,LA Inc. The Los Angeles Convention & Visitors Bureau,"333 S. Hope Street 18th Fl. Los Angeles, CA 90071-1406",213-624-7300,,,
153,Lead5 Media,"6532 Kaiser Drive Fremont, CA 94555",415-738-2400,,,
154,"List Alliance, Inc.","45 Quail Court Ste. 206 Walnut Creek, CA 94596-5572",925-947-2390,925-947-2395 fax,,
155,LiveOps,"5425 Stevens Creek Blvd. Santa Clara, CA 95051",408-844-2400,,,
156,Local.com,"7555 Irvine Center Drive Irvine, CA 92618",949-784-0800,949-784-0880 fax,,
157,"Lyris, Inc.","5858 Horton Street Suite 270 Emeryville, CA 94608-2007",510-844-1600,,,
158,Magento,"10441 Jefferson Blvd Suite 200 Culver City, CA 90232",310-367-5334,,,
159,MAIL METRICS,"1417 Cabrillo Avenue Venice, CA 90292",310-699-3145,,,
160,Mal Warwick Associates,"2550 Ninth St. Ste. 103 Berkeley, CA 94710-2551",510-843-8888,510-843-0142 fax,,
161,Media Stream Direct,"14140 Ventura Blvd. Suite 206 Sherman Oaks, CA 91423",818-990-9028,818-990-1618 fax,,
162,MedicAlert Foundation,"2323 Colorado Ave. Turlock, CA 95382-2018",209-669-2422,,,
163,MindFireInc®,"30 Corporate Park Suite 301 Irvine, CA 92606-3102",949-474-4418,949-474-5967 fax,,
164,"Moby Wrap, Inc.","PO Box 1066 Chico, CA 95927-1066",530-898-8200,,,
165,Money Mailer Direct Marketing,"12131 Western Avenue Garden Grove, CA 92841-4937",714-889-3800,714-265-4132 fax,,
166,MSC,"6200 Canoga Ave., Ste. 102 Woodland Hills, CA 91367-2429",818-346-1600,818-712-0122 fax,,
167,National Pen Corporation,"12121 Scripps Summit Dr Ste 200 San Diego, CA 92131-4609",858-675-3000,,,
168,NetSpend,"901 Mariners Island Blvd Ste 300 San Mateo, CA 94404-5025",650-312-6886,,,
169,Nielsen Claritas,"9276 Scranton Rd Ste 300 San Diego, CA 92121-7700",800-866-6520,,,
170,Nor1 Upgrade Your Life,"18986 Tilson Avenue Cupertino, CA 95014",408-996-7417,408-608-0443 fax,,
171,Old Vine Marketing,"147 Old Vine Way Napa, CA 94558-7028",707-694-9647,707-251-9296 fax,,
172,Orbis Global,"811 Hamilton Street 2nd Floor, Suite B Redwood City, CA 94063",650-376-2160,,,
173,Pamela Cotrupe,"10312 Christine Pl. Chatsworth, CA 91311",818-624-0087,,,
174,Pamoja Enterrpises Inc,"812 Alta St Monrovia, CA 91016",323-712-2927,,,
175,"Pasternack Enterprises, Inc.","PO Box 16759 Irvine, CA 92623-6759",949-261-1920,,,
176,Patagonia,"259 W Santa Clara St Ventura, CA 93001-2545",805-643-8616,,,
177,Patelco Credit Union,"156 2nd Street San Francisco, CA 94105",415-442-6200,,,
178,PIP Printing and Marketing Services,"10417 Lakewood Blvd. Downey, CA 90241",562-861-0863,,,
179,PIP Printing Sacramento,"4825 Aubrun Blvd Sacramento, CA 95841",916-334-0334,,,
180,PowerDirect Marketing,"4700 Von Karman Avenue Newport Beach, CA 92660",877-737-8977,949-353-3458 fax,,
181,Premier Data Solution,"2390-C Las Posas Suite 234 Camarillo, CA 93010-9107",805-987-2789,805-445-8876 fax,,
182,Princess Cruises,"10100 Santa Monica Blvd #1800 Los Angeles, CA 90067-4189",661-753-0000,310-284-2844 fax,,
183,"Proven Prospects, Inc.","P.O. Box 3041 Santa Barbara, CA 93110",805-448-6253,,,
184,Proximiant,"800 West El Camino Real Ste. 180 Mountain View, CA 94040",917-763-9557,,,
185,Quiterian Inc.,"11601 Wilshire Blvd.5th Floor. Los Angeles, CA 90025",349-337-14470,,,
186,Rapleaf,"667 Mission Street, 4th Floor San Francisco, CA 94105",415-886-7270,,,
187,Rauxa,"275A McCormick Ave. Costa Mesa, CA 92626",714-427-1271,714-427-0661 fax,,
188,Reputation.com,"2688 Middlefield Road, Suite C Redwood City, CA 99063",877-720-6488,650-456-2277 fax,,
189,Response Magazine,"201 Sandpointe Ave., Ste. 500 Santa Ana, CA 92707",714-338-6724,714-338-6710 fax,,
190,REVSHARE,"32836 Wolf Store Road  , CA",951-302-2091 EXT 430,,,
191,Rosland Capital LLC,"429 SDanta Monica Blvd. Ste. 450 Santa Monica, CA 90401",800-891-2341,,,
192,RPA,"2525 Colorado Santa Monica, CA 90404-3552",310-633-6514,,,
193,Russ Reid,"2 N Lake Ave Ste 600 Pasadena, CA 91101-1868",626-463-9483,626-449-6190 fax,,
194,Salford Systems,"9685 Via Excelencia Suite 208 San Diego, CA 92126",619-543-8880,619-543-8888 fax,,
195,Sir Speedy Printing #02260,"3627 Serpentine Dr. Los Alamitos, CA 90720",562-493-2551,562-431-7350 fax,,
196,Social Reality,"102 La Patera Drive Camarillo, CA 93010",415-744-1509,612-435-4919 fax,,
197,SS Whittier,"7240 Greenleaf Ave. Whittier, CA 90602",562-698-7513,562.696.0550 fax,,
198,"Subco, Inc.","3585 West Beechwood Avenue Suite 106 Fresno, CA 93711",800-258-3350 x101,,,
199,"Subscription Partners, LLC","2269 Chestnut Partners, LLC San Francisco, CA 94123",415-699-2280,,,
200,Sun Chlorella USA,"3305 Kashiwa St. Torrance, CA 90630",310-891-0600,,,
201,System Pavers,"3750 South Susan St Santa Ana, CA 92704",949-263-8300,,,
202,"Tamrac, Inc.","9240 Jordan Avenue Chatsworth, CA 91311-5769",818-407-9500,,,
203,"TDMS, Inc.","PO Box 2510 Huntington Beach, CA 92647",714-330-9140,,,
204,Teleflora,"11444 W Olympic Blvd Fl 4 Los Angeles, CA 90064-1546",310-966-3586,,,
205,The DuMont Project,"4640 Admiralty Way Suite 1010 Marina Del Rey, CA 90292",800-778-2990,,,
206,The Leap Group,"11 Waverly Road San Anselmo, CA 94960",415-456-7404,415-459-4613 fax,,
207,The Nielsen Company,"9276 Scranton Road Suite 200 San Diego, CA 92121",858-622-0800,858-550-5800 fax,,
208,The Search Agency,"3420 Ocean Park Boulevard Suite 2020 Santa Monica, CA 90405",310-582-5700,310-452-2422 fax,,
209,TIBCO Software Inc.,"3303 Hillview Avenue Palo Alto, CA 94304-1204",650-846-1000,650-846-1215 fax,,
210,Touch Commerce,"30501 Agoura Road Suite 203 Agoura Hills, CA 91301",818-575-2100,818-575-2105 fax,,
211,"Trancos, Inc.","1450 Veterans Blvd Suite 100 Redwood City, CA 94063-2617",650-364-3110,650-364-3184 fax,,
212,TRANSAMERICA RETIREMENT SERVICES,"1150 S. Olive St Los Angeles, CA 90015",888-401-5826,,,
213,"Tricision, Inc.","P.O. Box 2147 Granite Bay, CA 95746",916-652-9317,,,
214,TRUSTe,"55 Second Street 2nd Floor San Francisco, CA 94105",415-520-3400,415-520-3420 fax,,
215,United Direct Marketing,"17751 Sky Park Circle Suite A Irvine, CA 92614",714-547-9960,949-798-0028 fax,,
216,United Farm Workers,"PO Box 62 Keene, CA 93531-0062",661-823-6158,,,
217,"University of California, Irvine Extension","PO Box 6050 Irvine, CA 92616-6050",949-824-5413,,,
218,USDiscs,"2387 Buena Vista St Duarte, CA 91010",626-359-9955,,,
219,V3,"200 N Elevar St Oxnard, CA 93030-7969",800-882-1844,805-981-1180 fax,,
220,"VernonMack, LLC","1804 Garnet Ave. , STE 317 San Diego, CA 92109",800-889-9631,,,
221,VMware Inc,"3401 Hillview Ave Palo Alto, CA 94304",650-475-5000,650-475-5005 fax,,
222,Vyant Direct,"12708 Branford St. Sun Valley, CA 91352",818-834-8500,818-834-8511 fax,,
223,WebMetro,"160 E Via Verde, #220 San Dimas, CA 91773-5121",909-599-8885,909-599-8887 fax,,
224,Weck Enterprises LLC,"315 Vista De La Playa La Jolla, CA 92037",949-580-2104,,,
225,XPO,"3541 Lomita Blvd. Torrance, CA 90505",310-784-8485,310-784-0554 fax,,
226,Yoga Journal / Active Interest Media,"475 Sansome St Ste 850 San Francisco, CA 94111-3135",415-591-0555 x208,,,
227,YouSendIt Inc,"1919 S Bascom Ave Fl 3 Campbell, CA",408-879-9118,,,
228,Zinio LLC,"114 Sansome Street 10th Floor San Francisco, CA 94107-1922",415-494-2700,415-494-2701 fax,,
229,Zoasis Corp.,"7777 Center Ave Ste 350 Huntington Beach, CA 92647-9133",877-596-1919,,,
230,Bloomin Promotions,"3080 Valmont Rd Boulder, CO 80301",303-443-3591,303-545-5273 fax,...what you say grows There is a sincere connection that is formed between the sender and receiver of any Bloomin seed...,http://www.bloominpromotions.com
231,CSG Systems,"9555 Maroon Circle Englewood, CO 80112",888-214-6680,,...CSG is committed to building innovative and agile solutions that help you become even more competitive and successful—now and in...,http://www.csgsystems.com
232,Datalogix,"10075 Westmoor Drive Westminster, CO 80021-2589",303-327-1607,303-460-4550 fax,...Datalogix is the leader at integrating database marketing and digital media. Our mission is to leverage the power of purchase-based...,http://www.datalogix.com
233,Dovetail - The Marketing Database Co.,"1221 W. Mineral Avenue Suite 102 Littleton, CO 80120",720.633.8101,303-904-4776 fax,... Dovetail The...,http://www.dovetaildatabase.com/
234,Global IntelliSystems,"1153 Bergen Parkway #455 Evergreen, CO 80439",800-707-7074,646-278-1021 fax,"...Providing the most comprehensive support in the email marketing industry. Real-time monitoring of your deliverability, constant block checks, bounce analysis,...",http://www.gliq.com/indexd.php
235,Heinrich Marketing,"1350 Independence St. Lake Wood, CO 80215-4613",303-233-8660,303-239-5352 fax,...Do you hear that? Its the voice of the consumer. Theyre back. Smarter. Louder. Savvier. A tough crowd demands a...,http://www.heinrich.com
236,"I-Behavior, Inc.","2051 Dogwood Street Suite 220 Louisville, CO 80027",303-228-5000,303-926-1367 fax,"...The premier database marketing solutions provider and behavioral targeting firm for multi-channel marketers and advertisers. You can create, build and...",http://www.i-behavior.com
237,"Point To Point Marketing, Inc.","11562 N. County Rd. 17 Fort Collins, CO 80524-8786",970-472-0131,970-472-0139 fax,"...""The Connection Too Many Companies Miss""While Media Advertising has it's place, it's can't deliver a one to one customer connection....",http://www.pointtopointmarketing.com
238,"Accellos, Inc.","90 S. Cascade Ave Suite 1200 Colorado Springs, CO 80903",719-433-7018,719-433-7039 fax,,
239,Chefs Catalog,"5070 Centennial Blvd Colorado Springs, CO 80919-2402",719-272-2600,,,
240,ClickBank,"11001 W. 120th Avenue, Suite 450 Broomfield, CO 80021",720-509-3623,,,
241,Cook Communications Ministries Dba David C. Cook,"4050 Lee Vance View Colorado Spgs, CO 80918-7102",719-536-0100,,,
242,CPI Card Group,"10368 W. Centennial Road Littleton, CO 80127",303-973-9311,303-973-8420 fax,,
243,Customer Communications Group,"12600 W. Cedar Dr. Denver, CO 80228-2005",303-986-3000,303-989-4805 fax,,
244,Data-Dynamix Inc.,"1776 Lincoln St., Ste. 806 Denver, CO 80203-1021",720-855-9282,720-855-9099 fax,,
245,DataLever,"1515 Walnut Street Suite 200 Boulder, CO 80302",703-956-6433,,,
246,DexOne Direct Marketing,"9380 Station St Lone Tree, CO 80124-6807",800-999-4630,,,
247,Focus,"PO Box 18710 Golden, CO 80402",303-962-5750,,,
248,LIFE LINE SCREENING,"2324 Terrace Dr. Highlands Ranch, CO 80126",800-449-2350 EXT 1943,,,
249,Location3 Media,"1515 Arapahoe St Suite 400 Denver, CO 80202",720-881-8510,303-298-1986 fax,,
250,Mike Elder Consulting Inc,"6378 S Benton Way Littleton, CO 80123",303-886-3129,,,
251,Mission of Mercy,"15475 Gleneagle Dr Colorado Springs, CO 80921-2596",719-488-6062,,,
252,National Jewish Health,"1400 Jackson St Rm 107F Denver, CO 80206-2762",303-398-1070,,,
253,National Multiple Sclerosis Society,"700 Broadway Ste 810 Denver, CO 80203-3442",303-813-1052,,,
254,National Strength and Conditioning Association,"1885 Bob Johnson Drive Colorado Springs, CO 80918",719-632-6722,,,
255,Receptivity Group LLC,"P.O. Box 1541 Broomfield, CO 80038",303-351-5486,,,
256,SendGrid,"929 Pearl St. Boulder, CO 80302",303-552-0223,,,
257,TruEffect,"7403 Church Ranch Blvd. Suite 110 Westminster, CO 80021",303-872-2231,,,
258,Vladimir Jones,"6 N. Tejon St., Suite 400 Colorado Springs, CO 80903",719-473-0704,,,
259,Westin Direct,"2001 Lowe Street Fort Collins, CO 80525",970-282-6322,970-207-4521 fax,,
260,Wiland Direct,"6309 Monarch Park Place Suite 201 Longmont, CO 80503",303-485-8686,303-485-8687 fax,,
261,"American Customer Care, Inc.","225 North Main St. Bristol, CT 06010",815-747-7738,563-583-4017 fax,...American Customer Care is a premier provider of high quality customer contact center services. Our 10 customer contact centers...,http://www.americancustomercare.com
262,BMI Fulfillment Services,"51-53 Kenosia Ave Danbury, CT 06810",203-546-5581,203-546-5575 fax,"...BMI is a full service fulfillment company specializing in providing computer systems, order processing, shipping and related services to the...",http://www.bmigroup.com
263,Data Mail Inc,"240 Hartford Avenue Newington, CT 06111",860-666-0399,860-665-1226 fax,...How do you turn a creative direct mail strategy into a brilliant marketing success? Choose a direct mail partner with...,http://www.data-mail.com
264,Direct Advantage Partners,"69 Bluff Avenue Suite 100 Rowayton, CT 06853",203-286-7100,,"...Direct Advantage Partners LLC provides full service strategic marketing consulting, brand, direct marketing - customer-relationship management, agency services to leading...",http://www.directadvantagepartners.com
265,DST Output,"125 Ellington Rd. South Windsor, CT 06074",800-441-7587,916-939-4682 fax,...DST Output has provided integrated print and electronic communications solutions to the financial and telecommunications sectors for 40 years ...,http://www.dstoutput.com
266,"eWayDirect, Inc.","200 Pequot Avenue, 1st floor Southport, CT 06890",203-256-2510,203-254-0411 fax,"...Founded in 2000, eWayDirect, your eMindshare partner, is the premier provider of strategic emarketing solutions and services. The companys flagship...",http://www.ewaydirect.com
267,Fosdick Fulfillment Corporation,"26 Barnes Industrial Road North P O Box 5012 Wallingford, CT 06492",203-269-0211,203-679-3290 fax,"...In today's fast-paced world of direct sales, it helps to have a company like Fosdick Fulfillment in your corner. Fosdick...",http://www.fosdickfulfillment.com
268,"Fosina Marketing Group, Inc.","98 Mill Plain Rd. Ste. 1A Danbury, CT 06811",203-790-0030,203-790-0031 fax,"...Integrating Interactive Marketing Channels for your Direct Marketing BusinessBefore you commit advertising dollars to a direct response marketing program, you...",http://www.fosinamarketinggroup.com
269,FPS Marketing Communications,"18 Daniel St Milford, CT 06460-3303",203-783-1940,203-783-1950 fax,...FPS Provides a diverse range of expert disciplines that can give youthe edge and help you create consistently successful programs...,http://www.fpsmarketing.com
270,"Interactive Marketing Solutions, Corp","777 Summer Street Suite 502 Stamford, CT 06901",203-653-2762,203-653-2767 fax,...Interactive Marketing Solutions is the countrys largest single-source supplier of Wireless (cell phone) Identification Products. We also offer a...,http://www.ims-dm.com
271,Pitney Bowes,"1 Elmcroft Road Stamford, CT 06926-0700",203-356-5000,,"...Every connection is a new opportunity. At Pitney Bowes, everything we do has one purpose - to help our customers achieve...",http://www.pb.com
272,"Reggie Brady Marketing Solutions, LLC","198 Scribner Ave. Norwalk, CT 06854-1324",203-838-8138,,"...I am an email marketing and direct marketing consultant. I help companies build, execute and analyze their customer acquisition...",http://www.reggiebrady.com
273,RMI Direct Marketing,"44 Old Ridgebury Road, Plaza One Danbury, CT 06810-5129",203-798-0448,203-778-6130 fax,"...RMI is a premier customer acquisition, data and insert management firm. We specialize in market and competitor analysis, acquisition plans,...",http://www.rmidirect.com
274,Statlistics,"69 Kenosia Ave Danbury, CT 06810-7303",203-778-8700,203-778-4839 fax,"...? Service ? Satisfaction ? Success Statlistics is a list management and brokerage firm dedicated to, and defined by, the talent, knowledge,...",http://www.statlistics.com
275,Structural Graphics,"38 Plains Road Essex, CT 06426-1501",866-428-8969,860-767-2451 fax,"...Structural Graphics provides unique, high-impact print creations that help improve marketing results. For over 35 years now, the biggest brands...",http://www.structuralgraphics.com
276,"The GRI Marketing Group, Inc.","115 Technology Dr. Ste. B307 Trumbull, CT 06611-6339",203-261-3337,203-261-1113 fax,...Our innovative blend of ONLINE and OFFLINE tactics will allow you to maximize your marketing ROI and grow your market...,http://www.gridirect.com
277,True North List Marketing,"755 Main Street, Building 2 Monroe, CT 06468",203-459-4348 EXT 301,203-459-4350 fax,"...Whether youre looking for list brokerage or management, True North List Marketing can help with all your needs. We approach...",http://www.truenorthlist.com
278,"World Innovators, Inc.","22 Bacon Rd. Roxbury, CT 06783-1817",860-210-8088,860-210-7829 fax,"...Your Success is Our Business. For 28 years we have offered direct marketing services to the worldwide market,...",http://www.worldinnovators.com
279,1 to 1 Media,"901 Main Avenue, Suite 212 Norwalk, CT 06851",203-642-5221,203-642-5306 fax,,
280,Affinion Group,"100 Connecticut Ave. Norwalk, CT 06850",203-956-1225,203-956-8940 fax,,
281,Agency RAV,"71 Rangely Drive Trumbull, CT 06611-2840",203-895-7993,,,
282,"Agorux, Inc.","143 Emery Dr E Stamford, CT 06902",203-406-9670,,,
283,American Radio Relay League,"225 Main Street Newington, CT 06111-1494",860-594-0200,,,
284,AmeriCares,"88 Hamilton Ave Stamford, CT 06902",203-658-9500,,,
285,Blum & Co,"81 Clinton Fairfield, CT 06824-6908",203-254-7747,203-255-3936 fax,,
286,"Boardroom, Inc.","281 Tresser Blvd Fl 8 Stamford, CT 06901-3284",203-973-5900,,,
287,Bowman Circulation Marketing,"56 Ritch Ave., W. 2nd Fl. Greenwich, CT 06830-6918",917-913-6172,203-532-9482 fax,,
288,"Cannondale Investments, Inc.","372 Danbury Road Wilton, CT 06897",203-423-0648,203-423-0649 fax,,
289,CGSM Inc.,"11 Grumman Hill Road Wilton, CT 06897",203-563-9233 EXT 12,203 563-9239 fax,,
290,"Ciarlo Consulting, LLC","Address1 Waterbury, CT 06704",203-232-6655,203-574-4720 fax,,
291,"Cipher Creative Group, Llc","675 Berlin Turnpike Berlin, CT 06037-2727",860-828-6989,,,
292,"Communication Managers, L.L.C.","604 Federal Rd Brookfield, CT 06804-2007",203-775-4213,203-775-6413 fax,,
293,"Corry Direct Marketing, LLC","109 Limekiln Road Ridgefield, CT 06877-3418",203-438-1478,203-431-0217 fax,,
294,"Customer Growth, Blau Moritz Klang Inc.","37 Franklin St. Ste. 201 Westport, CT 06880-5999",203-226-8795,203-227-8601 fax,,
295,Data Management Inc.,"537 New Britain Avenue  P.O. Box 789  Farmington , CT 06034",860-677-8586,860-677-6767 fax,,
296,Direct Channel LLC,"574 Heritage Road Suite 201A Southbury, CT 06488",203-510-5727,,,
297,"Esprit Line Co., Ltd.-USA","11 Heronvue Rd. Greenwich, CT 06831-2906",203-629-5124,,,
298,"Executive Connections, LLC","334 Under Mountain Rd P.O. Box 265 Salisbury, CT 06068",860-435-0555,,,
299,Fairfield Marketing Group Inc,"830 Sport Hill Rd Direct Mail Centre Easton, CT 06612-1241",203-261-5585,203-261-0884 fax,,
300,Gateway Business Communications,"154 State Street North Haven, CT 06473-2224",203-239-7105,,,
301,"Key Marketing Advantage, LLC","24 Stony Hill Road Suite 101 Bethel, CT 06801",203-744-9011,203-744-9012 fax,,
302,LEGO Brand Retail,"555 Taylor Rd P.O. Box 1600 Enfield, CT 06082-2372",860-749-2291,,,
303,List Services Corporation,"6 Trowbridge Drive PO Box 516 Bethel, CT 06801",203-743-2600,,,
304,"MBI, Inc.","47 Richards Avenue Norwalk, CT 06857-0001",203-853-2000,,,
305,"McWeeney Marketing Group, Inc.","53 Robinson Blvd Orange, CT 06477-3623",203-891-8100,203-891-0775 fax,,
306,"Media Horizons, Inc.","40 Richards Ave. 6th Fl. Norwalk, CT 06854-2320",203-604-1702,203-857-0296 fax,,
307,MH2 Direct,"40 Richards Avenue 5th Floor Norwalk, CT 06854-2320",203-604-1961,203-851-5808 fax,,
308,Multichannel Merchant Magazine,"PO Box 4242 Stamford, CT 06907-0242",203-358-4386,,,
309,"PlusMedia, LLC","100 Mill Plain Road, 4th Floor P.O. Box 3949 Danbury, CT 06813",203-748-6500,203.748.6600 fax,,
310,Pont Media Direct,"10 E. Meadow Ln. Norwalk, CT 06851-2902",203-354-8074,,,
311,"R.C. Bigelow, Inc.","201 Black Rock Tpke Fairfield, CT 06825-5512",203-334-1212,,,
312,Reed Exhibitions,"383 Main Ave Norwalk, CT 06851-1500",203-840-4800,,,
313,"Richard M. Pordes, LLC","99 Dolphin Cove Quay Stamford, CT 06902",203-883-8380,203-883-8381 fax,,
314,Ryan Partnership,"50 Danbury Road Wilton, CT 06897-4448",203-210-3000,203-210-7926 fax,,
315,SHR Capital Partners,"165 Mason Street Greenwich, CT 06830",203-618-1110,,,
316,Sir Speedy Printing Waterbury,"1215 Thomaston Ave Waterbury, CT 06704",203-346-0716,,,
317,"Smith Hanley Associates, LLC","107 John Street 2nd Floor Southport, CT 06890-1466",203-319-4300,203-319-4320 fax,,
318,Source Marketing,"761 Main Ave Norwalk, CT 06851-1080",203-291-4000,203-229-0865 fax,,
319,Standard Oil of CT,"299 Bishop Avenue Bridgeport, CT 06610",,,,
320,Tauck World Discovery,"10 Norden Space Norwalk, CT 06855",203-227-1030,,,
321,The Edbraham Group,"PO Box 753 Westbrook, CT 06498-0753",860-664-4120,860-664-4406 fax,,
322,"The Travelers Companies, Inc","1 Tower Sq # 9PB-B Hartford, CT 06183-0001",860-277-8252,,,
323,Valassis,"1 Targeting Centre Windsor, CT 06095",860-285-6100,,,
324,"Victoria James Executive Search, Inc.","11 Stonefence Ln S. Kent, CT 06785",203-750-8838,203-547-6284 fax,,
325,Weider History Group,"350 Bennetts Farm Road Ridgefield, CT 06877",203-273-1092,,,
326,White Flower Farm,"30 Irene St Torrington, CT 06790-6657",860-496-9624,,,
327,Maps4Mail,"1521 Concord Pike (US 202) Suite 301 Wilmington, DE 19803",877-778-8635,,...Personalized maps are proven to significantly boost response rates. You can have anywhere from hundreds to millions of variably-imaged maps...,http://www.maps4mail.com/
328,Modern Mail,"100 Pencader Dr Newark, DE 19702-3321",302-391-1200,800-696-2218 fax,,
329,Sir Speedy Newark,"311 Puthal Drive Newark, DE 19711",302-366-0848,,,
330,"OMP, Inc.","1133 19th Street Ste. 300 Washington, DC 20036-4520",202-467-0048,202-467-0861 fax,"...OMP is a full-service fundraising and communications agency that serves leading causes in the United States, moving with ease among...",http://www.ompdirect.com
331,AARP,"601 E St NW Washington, DC 20049-0003",202-434-2277,,,
332,ADRFCO,"1612 K St NW Ste 510 Washington, DC 20006-2849",202-293-9640,,,
333,African Wildlife Foundation,"1400 16th St NW Suite 120 Washington, DC 20036",202-939-3333,,,
334,Alicia Osgood,"3001 Veazey Terrace NW, Apt. #1328 Washington, DC 20008",,,,
335,Amazon.com,"126 C St NW Washington, DC 20001-2118",202-347-7390,,,
336,American College of Cardiology,"2400 N St NW Washington, DC 20037-1153",202-375-6426,,,
337,American Humane Association,"1400 16th St., N.W. Ste. 360 Washington, DC 20036",202-841-6080,,,
338,American Israel Public Affairs Committee,"251 H St NW Washington, DC 20001-2604",202-639-5226,,,
339,American Red Cross - Headquarters,"2025 E St NW Washington, DC 20006-5009",202-303-5000x5,,,
340,Amtrak,"10 G Street, NE Washington, DC 20002",202-906-4137,,,
341,Association of American Publishers,"455 Massachusetts Ave., NW, 7th Floor Washington, DC 20001",202-220-4544,,,
342,Council for Advancement and Support of Education (CASE),"1307 New York Avenue NW Suite 1000 Washington, DC 20005",202-328-2273,,,
343,Defenders of Wildlife,"1130 17th St NW Washington, DC 20036-4604",202-682-9400,,,
344,Environmental Defense Fund,"1875 Connecticut Ave., NW #600 Washington, DC 20009-5739",202-387-3500,,,
345,Ernst & Young LLP,"1101 New york Avenue, NW 300 Washinton, DC 20005",312-879-2000,866-368-8549 fax,,
346,Financial Publishers Association,"1050 Connecticut Ave., NW 10th Fl Washington, DC 20036",202-828-7838,,,
347,Food & Water Watch,"1616 P St NW Ste 300 Washington, DC 20036-1408",202-683-2500,,,
348,GEICO Direct,"1 Geico Plz Washington, DC 20076-0005",301-986-2842,,,
349,Greenpeace USA,"702 H Street NW Ste. 300 Washington, DC 20001",202-462-1177,,,
350,Healthy Back Store,"2511 Q Street Unit 107 Washington, DC 20007",240-297-4725,,,
351,Lautman Maska Neill & Company,"1730 Rhode Island Ave., N.W. Ste. 301 Washington, DC 20036-3120",202-296-9660,202-466-2362 fax,,
352,McKinsey & Company,"600 14th Street N.W. Washington, DC 20005-2008",202-662-3100,202-662 3175 fax,,
353,National Geographic Society,"1145 17th St NW Washington, DC 20036-4688",202-857-7311,,,
354,National Journal Group,"600 New Hampshire Avenue NW Washington, DC 20037",202-266-7541,,,
355,National Parks Conservation Association,"777 6th St NW, Suite 700 Washington, DC 20001",202-223-6722,,,
356,National Trust for Historic Preservation,"1785 Massachusetts Avenue, NW Washington, DC 20036",202-588-6000,,,
357,Ocean Conservancy,"1300 19th St NW Washington, DC 20036",202-429-5609,,,
358,Regnery Publishing Inc.,"One Massachusetts Ave NW Washington, DC 20001-1401",202-216-0600,202-216-0612 fax,,
359,RTC Relationship Marketing,"1055 Thomas Jefferson Street, NW Suite #200 Washington, DC 20007-5256",202-625-2111,202-424-7900 fax,,
360,U.S. Green Building Council,"2101 L Street NW Suite 500 Washington, DC 20037",202-742-3792,,,
361,"UNICOR, Federal Prison Industries, Inc.","400 First Street, NW Washington, DC 20534",202-305-3500,,,
362,Union Privilege,"1125 15th St., N.W. Ste. 300 Washington, DC 20005-2707",202-293-5330,,,
363,UPS,"316 Pennsylvania Avenue, SE Suite 300 Washington, DC 20003-1185",202-675-4222,,,
364,Venable LLP,"575 7th Street NW Washington, DC 20004",202-344-4000,202.344.8300 fax,,
365,World Wildlife Fund,"1250 24th St NW Fl 4 Washington, DC 20037-1145",202-293-4800,,,
366,AccuData Integrated Marketing,"5220 Summerlin Commons Blvd. Ste.200 Fort Myers, FL 33907",800-732-3440,239-425-3809 fax,"...As a leading database marketing services firm, Accudata Integrated MarketingTM (www.accudata.com) uses a full range of data resources, powerful marketing...",http://www.accudata.com
367,"Action One Media, Inc.","308 S.E. 6th Ave Deerfield Beach, FL 33441",954-703-6641,954-324-8751 fax,...Marketing Services- List Management List Brokerage Direct mail lists/Postal lists Email lists/Email campaigns Telemarketing lists Landing Page Optimization Mobile Marketing ...,http://www.actiononemedia.com
368,Alliance Strategies Group Inc.,"7700 Congress Suite 3208 Boca Raton, FL 33487",561-499-3201,561-277-2544 fax,"...Reach your target audience via email, cell phones ,social media or append your existing data to include these data fields...",http://www.alliancestrategiesgroup.com
369,ALLPRO Direct Marketing,"11626 Prosperous Drive Odessa, FL 33556",727-494-0703,,"...ALLPRO Direct Marketing is a cost effective full service marketing firm offering complete turnkey direct mail, printing, internet and 1:1...",http://www.allprodirectmarketing.com
370,"BMI Ventures, Inc.","1801 South Federal Highway Suite 245B Delray Beach, FL 33483",561-330-6666,,"...We are not the East Coast's biggest advertising agency, and we are fine with that. We are, however, a savvy...",http://www.bmielite.com
371,DHL Global Mail,"2700 South Commerce Parkway Suite 400 Weston, FL 33331-3631",800-805-9306,954-349-8480 fax,...DHL Global Mail provides expedited mail solutions that connect businesses to customers throughout the U.S. and 220 other countries and...,http://www.dhlglobalmail.com/
372,"Direct One, Inc.","7224 Sandscove Ct Ste 7 Winter Park, FL 32792-6903",407-673-4500,407-673-4501 fax,...Direct one is a complete service direct mail company specializing in variable high speed Laser printing and Data Processing.Our highly...,http://www.directoneinc.com
373,eGENTIC dba Planet49 North America Corp.,"3252 NE 1st Ave., Suite 205 Miami, FL 33137",786-453-0353,786-453-0358 fax,"...eGENTIC, formerly Planet49, is one of the leading providers for data generation and is active in 16 european countries, the...",http://www.egentic.com
374,"eTargetMedia.com, Inc.","6810 Lyons Technology Circle Suite 160 Coconut Creek, FL 33073",954-480-8470,954-480-8489 fax,...eTargetMedia provides its clients with the resources and experience to develop and implement highly effective advertising and marketing solutions that...,http://www.etargetmedia.com
375,Geoscape,"2100 West Flagler St. Miami, FL 33135",305-860-1460,305-860-6161 fax,"...Geoscape® provides strategic consulting, analytics, market intelligence systems and data to corporations seeking growth by capitalizing on opportunities in culturally...",http://www.geoscape.com
376,Global Response,"777 State Road 7 Margate, FL 33068",800-537-8000,954-968-9862 fax,"...Global Response is ""The Brand Care Call Center"". We specialize in delivering high-touch customer care for the world's top multichannel...",http://www.globalresponse.com
377,Media One,"1000 NW 65th St Suite 200 Ft Lauderdale, FL 33309",954-776-1197,,"...Media One's postal, email, phone/cell data; email broadcast services; database & append services; as well as creative services provide a...",http://www.media1llc.com
378,Media Source Solutions,"950 S Pine Island Rd Ste A-150 Plantation, FL 33324",954-788-0213,954-788-0215 fax,"...Through extensive research, trend analysis and database partnerships, we have developed a variety of mixed media marketing techniques. This enables...",http://www.mediasourcesolutions.com
379,Nature Trade Center,"1915 Trade Center Way Naples, FL 34109-6220",239-592-7611,,"...Comprehensive Services for All Channels Nature Trade Direct is a full-service, integrated direct response marketing agency with 21 years of experience...",http://www.naturetradedirect.com/index.html
380,"Newsmax Media, Inc.","P.O. Box 20989 West Palm Beach, FL 33416",888-766-7542 x 1237,561-686-3350 fax,...Newsmax Media is one of the largest independent news outlets in the nation. Each month we reach some 50...,http://www.newsmax.com/advertise
381,"Nexxa Group, Inc.","12165 Metro Pkwy Ste 24 Ste 24 Fort Myers, FL 33966-8303",239-225-1516,239-288-4968 fax,...Nexxa Group Inc. is a Direct Marketing Data & Database Solutions Provider specializing in providing both Resellers and End Users...,http://www.nexxagroup.com
382,Nordis Direct,"4401 NW 124th Avenue Coral Springs, FL 33065-7636",954-323-5500,954-323-0100 fax,"...Nordis Direct, headquartered in Coral Springs, Florida, is one of the largest independent business solution providers specializing in high-tech direct...",http://www.nordisdirect.com
383,Parker Software,"4767 New Broad St Orlando, FL 32814",800-680-7712,,...Parker Software develop innovative software aimed at companies that do business on the web. Parker Software produce two flagship products:...,http://www.parker-software.com/
384,"Rapid Progress Marketing & Modeling, LLC","1760 Delaware Avenue NE Saint Petersburg, FL 33703-5439",727-528-8578,866-274-3030 fax,"...With 30 years of experience, RPM is a proven leader in the areas of predictive model development, analytics, database marketing,...",http://www.RPMSquared.com
385,Sir Speedy # 55371,"6161 Miami Lakes Drive East Hialeah, FL 33014",305-558-0144,,...At Sir Speedy Miami Lakes we pride ourselves as a leader in the business services market by offering advanced technologies...,http://www.sirspeedymiamilakes.com
386,"Spectra Data Group, LLC","7301 Wiles Road Suite 103 Coral Springs, FL 33067",888-656-1689,954-796-9398 fax,"...Spectra Data Group is a leading provider of direct marketing lists, data solutions and multi-channel marketing services including direct mail,...",http://www.spectra-data.com
387,Worldata,"3000 N. Military Trail Boca Raton, FL 33431-6321",800-331-8102,561-368-8345 fax,"...Worldata and its Group of Companies are leaders in the Direct/Interactive Marketing services field for over 30 years. Worldata, headquartered...",http://www.worldata.com
388,American Writers & Artists Inc.,"245 NE 4th Avenue, Suite 102 Delray Beach, FL 33483",561-278-5557,561-278-5929 fax,,
389,BankAtlantic,"2100 W Cypress Creek Rd Fort Lauderdale, FL 33309-1823",954-940-5000,,,
390,BBF Integrated Solutions,"10950 Belcher Rd. Largo, FL 33777-1438",727-545-8703,,,
391,Beer Industry of Florida,"110 South Monroe Street Suite B Tallahassee, FL 32301",850-222-8960,,,
392,BenefitMall,"6750 N. Andrews Ave Ste 125 Fort Lauderdale, FL 33309",954-771-2915,,,
393,Blue Cross Blue Shield of Florida,"4800 Deerwood Campus Pkwy DCC 3-6 Jacksonville, FL 32246-6498",904-905-3196,,,
394,Broadwater Data,"4905 34th Street S, Ste 152 Saint Petersburg, FL 33711",,,,
395,Cade & Associates,"1645 Metropolitan Blvd. Tallahassee, FL 32308",850-385-0300,,,
396,Catalogs.com,"2800 Glades Circle Ste. 135 Fort Lauderdale, FL 33327",954-659-9005,954-659-9007 fax,,
397,CityTwist,"111 SE 1st Street Boca Raton, FL 33432",561-989-8480,866-466-1712 fax,,
398,ClickBooth,"301 N. Cattlemen Road, Suite 300 Sarasota, FL 34232",941-483-4188,941-296-7911 fax,,
399,ConnectWise,"2803 W Busch Blvd Ste 204 Tampa, FL 33618-4548",813-463-4700,,,
400,Data Partners,"12857 Banyan Creek Drive Fort Myers, FL 33908",866-423-1818,239-267-9043 fax,,
401,DigDev Direct,"260 SW Natura Ave 2nd Floor Deerfield Beach, FL 33441",954-949-9500,,,
402,Digital Target Marketing,"224 Datura Street Suite 1300 West Palm Beach, FL 33406",561-398-1929,,,
403,Direct Marketing LeadSource,"750 Oak Heights Court Suite 305 Port Orange, FL 32127",386-761-4840,386-761-2960 fax,,
404,"Dunhill International List Co., Inc.","6400 Congress Avenue Suite 1750 Boca Raton, FL 33487-2898",561-998-7800,561-998-7880 fax,,
405,"Food For The Poor, Inc.","6401 Lyons Rd Coconut Creek, FL 33073-3602",954-427-2222,,,
406,"Four Corners Direct, Inc.","1990 Main Street, PH 16 Sarasota, FL 34236-8001",941-364-8585,,,
407,GlobalVentions,"PO Box 278497 Pembroke Pines, FL 33028",561-904-1131,,,
408,Hi-Tech Marketing Solutions,"3410 NE 6 Terrace Pompano Beach, FL 33064",954-784-3840,954-784-3830 fax,,
409,Interval International,"6262 Sunset Dr. PH-1 Miami, FL 33143",305-666-1861,305-668-3480 fax,,
410,Iscope Digital,"201 SE 15th Terrace, Suite 204 Deerfield Beach, FL 33441",954-596-5874,,,
411,Johnson Smith Company,"P. O. Box 25500 4514 19th St., Ct. E. Bradenton, FL 34206-5500",941-747-5566,,,
412,JZ Marketing,"4532 Varsity Circle Lehigh Acres, FL 33971",239-693-7567,239-693-7567 fax,,
413,Lead Me Media,"8927 Hypoluxo Road Suite A-4 Lake Worth, FL 33467-5249",888-445-3282,,,
414,"LeadCreations.Com, LLC","605 Lincoln Rd #460 Miami Beach, FL 33139",305-831-0999,,,
415,LeadFlash,"6700 Broken Sound Pkwy NW Boca Raton, FL 33487",561-499-3329,,,
416,"Lexington International, LLC","777 Yamato Rd #105 Boca Raton, FL 33431",561-314-2430,,,
417,Lighthouse List Co.,"27 SE 24th Ave. Ste. 6 Pompano Beach, FL 33062-5346",800-684-2180,954-489-3040 fax,,
418,"List Management Services, Inc.","5728 Major Blvd Suite 650 Orlando, FL 32819-7938",407-876-5544,888.433.5552 fax,,
419,ListAbility Inc,"11841 Granite Woods Loop Venice, FL 34292",866-446-2055,941-493-2572 fax,,
420,"LISTS, Inc.","2950 Halcyon Ln Suite 401 Jacksonville, FL 32223",904-733-6106,904-730-7540 fax,,
421,Lois Geller Marketing Group,"2028 Harrison St. Suite 202 Hollywood, FL 33020",646-723-3231,954-921-2005 fax,,
422,"LOTSolutions, Inc.","100 West Bay St. Jacksonville, FL 32202-3838",904-350-9660,,,
423,M.D.I. Lists,"4581 Weston Rd Ste. 192 Weston, FL 33331",954-384-1557,954-389-0939 fax,,
424,"MetaResponse Group, Inc.","700 West Hillsboro Blvd. Suite 4-107 Deerfield Beach, FL 33441-1612",954-360-0644,954-360-7712 fax,,
425,MoreVisibility,"925 S. Federal Hwy. #750 Boca Raton, FL 33432-6147",561-620-9682,561-620-9684 fax,,
426,New York Life Insurance Company/AARP,"5505 W Cypress St Ste 300 Tampa, FL 33607-1707",813-288-5500,,,
427,One World Telecom,"2620 SW 27th Ave Miami, FL 33133",786-664-6100 EXT 6672,,,
428,Orlando/Orange County Convention & Visitors Bureau,"6700 Forum Dr Ste 100 Orlando, FL 32821-8086",407-541-4239,,,
429,Palm Coast Data,"11 Commerce Blvd Palm Coast, FL 32164-7961",386-445-4662,386-446-3635 fax,,
430,QUAXAR,"25 SE 2nd Avenue Suite 305 Miami, FL 33131",305-350-1919,305-375-9520 fax,,
431,"Redi-Data, Inc.","4577 Nob Hill Rd. Suite 211 Sunrise, FL 33351",866-977-3282,,,
432,Royal Caribbean International,"1080 Caribbean Way Miami, FL 33132",305-539-6000,,,
433,Sage,"4301 West Boy Scout Boulevard Suite 800 Tampa, FL 33607",877-932-6301,,,
434,Sir Speedy 5025 (Leda Printing Inc),"3939 S. Tamiami Trail Sarasota, FL 34231",941-922-1563,,,
435,Sir Speedy 55470,"430 Clematis St West Palm Beach, FL 33401",561-833-9661,561-833-9695 fax,,
436,Sir Speedy Printing and Marketing Services,"5609 E Hillsborough Ave Tampa, FL 33610",813-623-5478,,,
437,Southern Fulfillment Services,"1650 90th Ave Vero Beach, FL 32966",772-226-3521,,,
438,The Alesco Data Group,"5276 Summerlin Commons Way #703 Fort Myers, FL 33907",239-275-5006,239-275-7737 fax,,
439,The Information Engine,"9105 Hammock Edge Place Bradenton, FL 34212",,,,
440,The Media Crew,"1 S Orange Ave Ste 405 Orlando, FL 32801-2626",407-839-0390,407-841-7582 fax,,
441,The Miami Herald Media Co.,"1 Herald Plz Miami, FL 33132-1609",305-350-2111,,,
442,Thomas Computer Corporation,"203 Park Lake St Orlando, FL 32803-3823",407-855-2020,,,
443,"Transcription South, Inc. (TSI)","13555 Automobile Blvd. Suite 530 Clearwater, FL 33762",727-571-3302,727-571-1317 fax,,
444,"U.S. Branding Group, LLC","6707 S. Calumet Circle Lake Worth, FL 33467",561-966-8070,561-966-0566 fax,,
445,Valpak,"8605 Largo Lakes Drive Largo, FL 33773-4912",727-399-3000,727-399-3061 fax,,
446,"Venus Fashion, Inc","11711 Mario Beach Drive Jacksonville, FL 32224",904-645-6000,,,
447,"White Point Leads Group, LLC","362 Gulf Breeze Pkwy Suite 350 Gulf Breeze, FL 32561-4492",850-934-5577,,,
448,"AnalyticsIQ, Inc.","115 Perimeter Center Place, Suite 648 Atlanta, GA 30346",770-407-8856,770-407-8859 fax,...AnalyticsIQ offers the following services:? Marketing Models - We provide custom marketing models to meet your specific needs....,http://www.analytics-iq.com
449,"BAM! Direct, Inc.","3651 Peachtree Parkway Ste. E-211 Suwanee, GA 30024",678-947-1943,678-947-3562 fax,"...Targeted Cross-Media Marketing: Test > Measure > Know what works. Strategically integrate direct marketing media: Direct Mail, Email, personalized URLs, QR...",http://www.bamdirect.com
450,BKV,"3390 Peachtree Road 10th Floor Atlanta, GA 30326",404-233-0332,404-233-0302 fax,"...BKV is a full service, ROI-focused direct response and interactive agency. Our staff of 180+ has deep DR experience....",http://www.BKV.com
451,dDirect,"2707 Peachtree Square Atlanta, GA 30360",678-530-0752,678-530-9563 fax,"...Why dDirect!? Services: Database Marketing -- Our unique combination of direct marketing strategy, data management, digital print and mail and creative services...",http://www.ddirect.com
452,Goldleaf Data Corporation,"3325 Paddocks Parkway Suite 355 Suwanee, GA 30024",678-341-1315,,"...Based in Suwanee, Georgia, Goldleaf Data is a world-class supplier of up-to-the-minute data for growing businesses.The Corporation was started in...",http://www.GoldleafData.com
453,Grizzard Communications Group,"229 Peachtree St., N.E. Ste. 1400 Atlanta, GA 30303",404-522-8330,404-335-0313 fax,"...Grizzard Communications Group is the leading integrated, all-media, direct marketing fundraising agency in North America. The agency has a...",http://www.grizzard.com
454,Harland Clarke Marketing Services,"2939 Miller Road Decatur, GA 30035",770-593-5502,,"...Harland Clarke Marketing Services offers smart, innovative solutions to financial institutions that help acquire, grow and retain account holders. Whether...",http://www.harlandclarke.com/marketing
455,"Peachtree Data, Inc.","2905 Premiere Parkway Suite 200 Duluth, GA 30097-5240",678-987-4600,678-987-5600 fax,"...Peachtree Data offers database, mailing list, data conversion and managed data storage services, with a focus on the Direct Marketing...",http://www.peachtreedata.com
456,Silverpop,"200 Galleria Pkwy Suite 1000 Atlanta, GA 30339-5945",866-745-8767,678-247-0501 fax,"...Silverpop is a leading provider of email marketing and marketing automation solutions. It helps turn prospects into customers, and customers...",http://www.silverpop.com
457,Tucker Connect,"3500 McCall Place NW Atlanta, GA 30340",770-454-4444,,...The business world is competitive and it takes a strong understanding of marketing techniques to develop name recognition in any...,http://www.tuckercastleberry.com
458,"A Caldwell List Co., Inc.","3295 River Exchange Dr. Suite 380 Atlanta, GA 30092-4248",770-662-0255,770-662-0351 fax,,
459,AFLAC,"1932 Wynnton Road Columbus, GA 31999",706-243-5428,,,
460,AirTran Airways,"5230 Clipper Drive Suite 100 Atlanta, GA 30349",678-254-7450,770-994-6249 fax,,
461,American 3B Scientific,"2189 Flintstone Dr Ste O Tucker, GA 30084-5023",770-492-9111,,,
462,American Cancer Society,"250 Williams St NW Atlanta, GA 30303-1032",404-471-5852,,,
463,CARE,"151 Ellis St NE Atlanta, GA 30303-2420",404-979-9255,,,
464,Char-Broil,"1442 Belfast Ave Columbus, GA 31904-4432",706-571-7000,,,
465,Coverdell & Company,"1200 Abermathy Rd Ste 1400 Atlanta, GA 30328",404-881-2227,,,
466,Definition 6,"2115 Monroe Dr NE Ste 100 Atlanta, GA 30324-4832",404-870-0323,,,
467,First Data,"5565 Glenridge Connector NE Suite 2000 Atlanta, GA 30342",303-967-8000,,,
468,GE Money,"4125 Windward Plaza Drive Alpharetta, GA 30005-8738",678-518-2000,,,
469,Georgia Power,"241 Ralph McGill Blvd, NW Bin # 10220 Atlanta, GA 30308-3374",404-506-3440,,,
470,Infor,"13560 Morris Rd. Suite 4100 Alpharetta, GA 30004",866-244-5479,678-319-8682 fax,,
471,Integrative Logic,"150 East Ponce DeLeon Avenue - Suite 235 Decatur, GA 30030",404-373-2323,404-373-2399 fax,,
472,IPG,"2545 Ivy Street E. Cumming, GA 30041-6459",770-889-4276,770-889-4002 fax,,
473,"L2C, Inc.","3348 Peachtree Road, NE Suite 1400 Atlanta, GA 30326",404-601-3420,,,
474,ListK,"NorthPark Center, 1200 Abernathy Road Suite 1700 Atlanta, GA 30328",800-600-3389,770-234-5955 fax,,
475,MailChimp,"512 Means Street Suite 404 Atlanta, GA 30318",678-999-0141,678-999-0142 fax,,
476,Marc G. Gault Advertising & Marketing Consulting,"5380 Smoke Rise Drive Suite B Stone Mountain, GA 30087",770-938-0781,,,
477,"Naylor, LLC","12600 Deerfield Parkway, Ste 350 Atlanta, GA 30004",800-796-2638,770-810-6995 fax,,
478,"Newell Rubbermaid, Inc.","3 Glenlake Parkway Atlanta, GA 30328",770-418-7000,,,
479,"North American Mailing Technologies, Inc","141 B Buford Dr Lawrenceville, GA 30045",770-962-5833,770-277-8168 fax,,
480,North Point Resources,"3157 Royal Dr Ste 220 Alpharetta, GA 30022-2484",678-892-5000,,,
481,"O2 Consulting, Inc.","1117 Perimeter Center West Ste. W511 Atlanta, GA 30338",404-384-3990,770-391-0590 fax,,
482,"PossibleNOW, Inc.","4400 River Green Parkway Suite 100 Duluth, GA 30096",770-255-1020,770-255-1025 fax,,
483,Printed Communications,"1929 Mountain Industrial Blvd Tucker, GA 30084-6620",888-511-8787,,,
484,Private Label Nutraceuticals,"3610 Dekalb Technology Parkway, Suite 13 Atlanta, GA 30340",678-328-3700,,,
485,Response Mine Interactive,"3390 PeachTree RD. Suite 800 Atlanta, GA 30326",404-233-0370,,,
486,Scheduling Institute,"4125 Old Milton Parkway Alpharetta, GA 30005",770-518-7575,,,
487,"SunTrust Banks, Inc.","303 Peachtree Center Ave. Suite 320 Atlanta, GA 30303-1280",404-588-7914,,,
488,Target MarkeTeam,"1050 Crown Point Pkwy. Ste. 1850 Atlanta, GA 30338-7709",770-274-3700,770-274-3730 fax,,
489,United Community Bank,"63 Highway 51 S Blairsville, GA 30512",706-745-0911,,,
490,"Welcomemat Services, Inc.","3348 Peachtree Rd Suite 1095 Atlanta, GA 30326",404-841-2226,,,
491,Wise,"555 McFarland 400 Drive Alpharetta, GA 30004",770-442-1060,770-442-9849 fax,,
492,"DataCraft, Inc.","28 Kainehe St. Suite A1 Kailua, HI 96734",808-263-5583,808-230-8885 fax,...Giving You MoreWe offer your company expert data processing designed to convert customer database files into clean and valuable marketing...,http://www.dcraftinc.com
493,KNG Inc.,"2102 E. Karcher Rd Nampa, ID 83687",208-318-0188,,,
494,SalesForce.com/Jigsaw,"510 S. Clearwater Loop Suite 201 Post Falls, ID 83854",650-235-8400,650-655-2222 fax,,
495,A. Eicoff & Company,"401 N. Michigan Chicago, IL 60611-4255",312-527-7100,312-527-7197 fax,"...We are proud of our name and what it represents. Vision. Original thinking,And sucess. They are Alvin Eicoff's legacy.Alvin created...",http://www.eicoff.com
496,Alterian,"35 East Wacker Drive Suite 200 Chicago, IL 60601",312-704-1700,312-704-1701 fax,"...About Alterian Alterian (LSE: ALN) empowers marketers with an integrated marketing software platform combining database, online and operational marketing applications on...",http://www.alterian.com
497,"American Student Marketing, LLC","473 Central Avenue Suite 7 Highland Park, IL 60035",847-432-4329,847-432-4811 fax,...American Student Marketing is the premiere and exclusive source of the Scholarships.com Masterfile; youth and young adult data composed only...,http://www.asmdm.com
498,Applications Development Corporation,"169 Buena Vista Drive Dekalb, IL 60115",815-754-7432,303-484-0374 fax,"...Founded in 1995, ADC s focus has been on the multi-channel retail sector crossing all elements of an organization including...",http://www.appdevcorp.com
499,"ATP List Services, div Applied Tech Pub.","1300 S. Grove Ave. Ste. 105 Barrington, IL 60010-5246",800-223-3423,847-304-8603 fax,"...ATP List Services is a provider of business-to-business direct-mail lists and e-mail lists. We pride ourselves on superior customer service,...",http://www.atplists.com
500,Bennett and Partners,"33 West Monroe Suite 2110 Chicago, IL 60603-5414",312-252-8883,312-252-8209 fax,"...Welcome to Bennett and Partners—a leading executive search firm focused on today's emerging integrated marketing trends. There’s a new game on...",http://www.bennettandpartners.com
501,BFC,"1051 N. Kirk Road Batavia, IL 60510-1438",630-879-9240,630.879.9260 fax,"...BFC's company philosophy centers around Integrated Print Management. We combine over 30 years of print production services with the latest...",http://www.bfcprint.com
502,Black Olive Co.,"125 South Wacker Drive Suite #300 Chicago, IL 60606-4424",312-893-5454,312-276-8636 fax,"...Strategy and creative development for integrated communications: brand, direct marketing, web, database, internet advertising and business communications. Over thirty years...",http://www.blackoliveco.com
503,Cbsi,"1620 Bond Street Naperville, IL 60563",800-657-8309,,......,http://consumerbenefit.com
504,Continental Envelope,"1700 Averill Rd Geneva, IL 60134",630-262-8080,630-262-1450 fax,...Continental Envelope is one of the largest independent envelope manufacturers in the Midwest. With our state-of-the-art facility we can...,http://www.continentalenvelope.com
505,Diamondback Direct,"280 Madsen Drive, Suite 100 Bloomingdale, IL 60108-2637",630-523-5250,630-523-5298 fax,...Diamond Marketing Solutions is a full-service partner offering a unique team of professionals who have a depth of experience that...,http://www.dmsolutions.com
506,Euro RSCG Impact,"36 E. Grand Avenue Chicago, IL 60611",312-799-7000,312-799-7100 fax,"...Euro RSCG Impact has an unparalleled proprietary network of over 250,000 venues, reaching over 100 million consumers. We create customized, targeted...",http://www.eurorscg-impact.com
507,"Global Business Information Services, Inc (GLOBIS)","1820 North Lincoln Ave. Chicago, IL 60614",877-456-2478,877-456-2478 fax,"...Globis specializes in China business information, though we cover the whole world. We do Business Credit Reports, Due Diligence, Site...",http://www.glo-bis.com
508,Inferenda,"15129 S. Route 59 Plainfield, IL 60544",815-467-0601,,"...Superior Data, Delivered by Superior Technology. How do you keep your data - whether customer, prospect, or resale - up to...",http://www.inferenda.com
509,Integrated Print & Graphics,"645 Stevenson Road South Elgin, IL 60177-1134",847-695-6777,847-741-4090 fax,...IPG is a full service print provider specializing in direct mail. Since opening our doors in 1970 we knew...,http://www.ipandginc.com
510,"Johnson & Quin, Inc.","7460 North Lehigh Avenue Niles, IL 60714-4099",847-588-4800,847-647-6949 fax,"...Full service direct mail production company. Services include data processing, high-color printing, laser and inkjet personalization, card imaging and...",http://www.j-quin.com
511,KD Mailing & Fulfillment Service,"6850 N. Central Park Ave. Lincolnwood, IL 60712-2704",847-673-0186,847-673-0188 fax,"...KD Mailing is a full-service print, global mailing services, fulfillment center and direct mail firm. We have been in business...",http://www.kdmailing.com
512,Lehigh Direct,"1900 South 25th Avenue Broadview, IL 60155-2800",708-681-3612,708-681-4694 fax,...We are a direct marketing company with unique and sophisticated highly personalized products for direct marketing applications. Our knowledgeable employees...,http://www.lehighdirect.com/?utm_source=DMA%2BVend
513,mardevdm2,"2000 Clearwater Dr. Oak Brook, IL 60523-8809",800-323-4958,630-288-8390 fax,"...Direct Marketing to Decision Makers. DM2-DecisionMaker(DM2) helps marketing and sales professionals increase their campaign effectiveness and accelerate their prospects' buying...",http://www.mardevdm2.com
514,MarketSense,"7020 High Grove Burr Ridge, IL 60527",630-654-0170,630-654-0302 fax,"...MarketSense (www.market-sense.com) is a full-service business-to-business marketing agency located just outside of Chicago. For more than 20 years, MarketSense has...",http://www.market-sense.com
515,Mintel Comperemedia,"351 W Hubbard, 8th Floor Chicago, IL 60654",312-932-0400,312-932-0469 fax,"...Mintel Comperemedia® is a searchable competitive database tracking direct mail and print advertising in the United States and Canada, as...",http://www.comperemedia.com
516,Omeda,"555 Huehl Road Northbrook, IL 60062-2336",847-564-8900,847-564-1203 fax,...Omeda provides a full range of integrated database marketing and email deployment services. Omeda integrates all of your data...,http://www.omeda.com
517,PPS,"3915 Stern Ave. Saint Charles, IL 60174-5441",630-513-8060,630-513-8062 fax,"...PPS specializes in print production of inserts, self mailers, letters, post cards with coupons, discount cards, and membership cards affixed....",http://www.ppsofil.com
518,Ridenour & Associates,"1555 N. Sandburg Terrace Suite 602 Chicago, IL 60610-6324",312-787-8228,312-787-8528 fax,"... Suzanne Swenson Ridenour, founder and president, has tirelessly served direct marketing since the mid-1970s. Among other...",http://www.ridenourassociates.com
519,Segerdahl Group,"1351 South Wheeling Road Wheeling, IL 60090-5913",847-541-1080,,"...You've got big ideas. And large-scale aspirations. So much depends on great execution. So choose a web printing resource that...",http://www.segerdahl.com
520,Specialty Print Communications,"6019 West Howard Street Niles, IL 60714-4801",847-588-2580,847-588-2178 fax,"...SPC is a third generation, family-run print and direct mail specialist. Our breadth of capabilities and expertise, along with our...",http://www.specialtyprintcomm.com
521,Spectrum Data,"131 N 3rd St Oregon, IL 61061-1410",815-732-6567,815-732-7035 fax,...Many firms offer similar data services. The difference comes down to service. See why Spectrum stands apart in a crowded...,http://www.spectrumdata.org
522,SRDS,"1700 Higgins Road Des Plaines, IL 60018-5605",847-375-5178,847-375-5001 fax,...SRDS has been bringing the media community together for nearly 90 years. As the leading provider of media rates and...,http://www.srds.com
523,"Strategic Data Intelligence, LLC","555 Skokie Blvd Northbrook, IL 60062-2812",847-897-5706,847-897-5715 fax,...Strategic Data Intelligence: Setting the Standard Even Higher.Strategic Data Intelligence (SDIntelligence) is uniquely positioned as the premier cutting edge Marketing...,http://www.sdintelligence.com
524,Strategic Marketing & Mailing,"PO Box 6013 Champaign, IL 61826-6013",217-355-2600 ext 106,217-355-2627 fax,"...Experience the Strategic Difference! Quality, Accuracy, Attention to Detail and Exceptional Customer Service. Let our team help improve your results...",http://www.strategicmail.com
525,"SubscriberMail, LLC","3333 Warrenville Rd. Ste. 530 Lisle, IL 60532-4551",866-622-2600,630-303-5100 fax,"...SubscriberMail's web-based email marketing platform was developed by a team of marketing experts, resulting in a user-friendly and intuitive system...",http://www.subscribermail.com?utm_source=DMA&utm_m
526,The Allant Group,"2056 Westings Ave. Suite 500 Naperville, IL 60563-2485",800-367-7311,630-355-3090 fax,"...Its all about performance. At Allant, we believe that todays marketers need innovative, yet practical, approaches to both improve and...",http://www.allantgroup.com
527,TRIBUNE DIRECT,"505 Northwest Avenue Northlake, IL 60164",708-836-2712,,......,http://www.tribunedirect.com
528,TTC Marketing Solutions,"3945 N. Neenah Ave. Chicago, IL 60634-2419",773-205-4903,773-545-4034 fax,"...TTC Marketing Solutions was started in March, 1984 by sisters Mary and Noreen Shanley. Located in Chicago, TTC can truly...",http://www.ttcmarketingsolutions.com
529,Victor Envelope,"301 Arthur Ct Bensenville, IL 60106-3381",630-616-2750,,"...Victor Envelope Company specializes in custom envelope manufacturing with unsurpassed delivery times. Incorporated in 1959, we have always prided ourselves...",http://www.victorenvelope.com/ve/html/
530,Vmark,"220 Fencl Ln. Hillside, IL 60162-2039",800-773-1588,708-449-3282 fax,"...Creative Automation has developed innovative solutions in support of direct marketers since 1969. We are a privately-held, woman owned and...",http://www.vmarkusa.com/
531,Zephyr Media Group,"990 Grove Street, Suite 300 Evanston, IL 60201",847-328-1519,847-328-3518 fax,"...Zephyr Media Group, headquartered in Evanston, IL and with offices in New York, Washington D.C, Los Angeles and Phoenix, was...",http://www.zephyr-media.com
532,Ace Hardware Corporation,"2200 Kensington Ct Oak Brook, IL 60523-2100",630-990-6600,,,
533,"Afni, Inc.","404 Brock Drive Bloomington, IL 61701",800-767-2364,,,
534,"Allstate Motor Club, Inc.","51 W Higgins Rd Ste RGA South Barrington, IL 60010-9300",847-551-2300,,,
535,"Alzheimer's Association","225 N. Michigan Ave. Chicago, IL 60601-7757",312-335-8700,,,
536,American Assn. of Individual Investors,"625 N Michigan Ave Chicago, IL 60611-3110",312-280-0170,,,
537,American Medical Association,"515 N. State Street Chicago, IL 60654",312-464-5366,,,
538,Anthem Marketing Corporation,"117 North Jefferson Street Suite 204 Chicago, IL 60661-2322",312-441-0382,312-441-0412 fax,,
539,ASI Ltd.,"736 Northwestern Suite 245 Lake Forest, IL 60045-1820",800-546-1350,847-615-9658 fax,,
540,Aspen Marketing Services,"1240 North Avenue West Chicago, IL 60185",800-848-0212,630-293-9602 fax,,
541,Beltone Electronics Corporation,"2601 Patriot Blvd Glenview, IL 60026-8023",847-832-3729,,,
542,Benet Academy,"2200 Maple Avenue Lisle, IL 60532",630-719-2794,,,
543,"Braintree Payment Solutions, LLC.","833 West Jackson Blvd. Chicago, IL 60607",,,,
544,"CAC Group, Inc.","1870 N. Roselle Rd. Suite 101 Schaumburg, IL 60195-3100",847-805-9802,,,
545,Career Education Corporation,"2895 Greenspoint Pkwy Ste 600 Hoffman Estates, IL 60169-7258",847-781-3600,,,
546,Caterpillar Inc.,"100 NE Adams St Peoria, IL 61629-0002",309-675-1000,,,
547,CDW,"300 N Milwaukee Ave Vernon Hills, IL 60061-1533",847-465-6000,,,
548,Christianity Today International,"465 Gundersen Dr. Carol Stream, IL 60188",630-260-6200,,,
549,Combined Insurance Company of America,"1000 Milwaukee Ave Fl 6 Glenview, IL 60025-2423",1-800-490-1322,,,
550,Creative Automation,"220 Fencil Lane Hillside, IL 60162-2040",708-449-2800,847-619-0490 fax,,
551,Cross Marketing USA,"1310 N Ritchie Ct Ste 16-C Chicago, IL 60610-8401",312-440-3700,312-943-5813 fax,,
552,Darwill,"11900 West Roosevelt Road Hillside, IL 60162",708-236-4900,708-236-5820 fax,,
553,Data For Development Inc,"PO Box 157 Woodstock, IL 60098",815-334-9345,,,
554,Direct Mail Solutions,"775 Kimberly Drive Carol Stream, IL 60188",630-653-6863,630-628-0481 fax,,
555,"Dotomi, Inc.","1 S. Wacker Drive, Suite 3000 Chicago, IL 60606",312-588-3600,312-588-3671 fax,,
556,"Douglas Shaw & Associates, Inc.","1717 Park Street STE 300 Naperville, IL 60563",630-562-1321,630-562-1686 fax,,
557,DraftFCB,"101 E. Erie Chicago, IL 60611-3234",312-425-5000,312-944-3566 fax,,
558,Elks Magazine,"425 W. Diversey Pkwy. Chicago, IL 60614-6196",773-755-4700,,,
559,Federal Envelope Company,"608 Country Club Drive Bensenville, IL 60106-1303",630-595-2000,630-595-1212 fax,,
560,Financial Management Systems - FMS,"1000 E Woodfield Rd Schaumburg, IL 60173",800-605-9817,,,
561,Flexible Benefit Service Corporation (FLEX),"10275 W. Higgins Road Suite 500 Des Plaines, IL 60018",847-699-6900,,,
562,FMP Direct Marketing Group,"1019 West Park Avenue Libertyville, IL 60048-2550",847-816-1919,847-816-1969 fax,,
563,"FTC Transport, Inc. / Fairrington","553 S. Joliet Road Bolingbrook, IL 60440-3608",630-783-9200,630-783-9601 fax,,
564,"Fulfillment Xcellence, Inc. (FXI)","5235 Thatcher Rd. Downers Grove, IL 60515-4027",630-852-7600,630-852-6060 fax,,
565,GasPedal,"333 W. North Ave. Ste. 500 Chicago, IL 60610-1293",312-932-9000,,,
566,"Glaserdirect, Inc.","999 Main St. Glen Ellyn, IL 60137-3581",630-469-2075,630-790-5244 fax,,
567,Global Infomercial Services Inc.,"10735 S Cicero Ave Chicago, IL 60453",708-229-2424,,,
568,Good Sam Media,"PO Box 392 Mt. Morris, IL 61054",763-383-4400,,,
569,"Greene, an RMG Direct company","300 Tri-State International Ste. 272 Lincolnshire, IL 60069-4415",847-948-7400,847-948-0400 fax,,
570,Group O,"4905 77th ave. p.o. box 170 milan, IL 61264  309736-8179",,,,
571,High Note Media Inc.,"5315 N. Clark #218 Chicago, IL 60640",773-980-6873,,,
572,HIMSS,"230 E Ohio St Ste 500 Chicago, IL 60611-3270",312-664-4467,,,
573,Hollister Inc,"2000 Hollister Drive Libertyville, IL 60048",847-996-6399,,,
574,In The Swim,"320 Industrial Drive West Chicago, IL 60185-1876",630-876-1080,,,
575,"Integrated Business Services, Inc.","736 North Western Ave #125 Lake Forest, IL 60045-1820",847-735-1690,847-735-1692 fax,,
576,International Fellowship of Christians and Jews,"30 North La Salle Street, Suite 2600 Chicago, IL 60602-2590",312-641-7200,,,
577,Jacobs & Clevenger,"515 North State St. Ste. 1700 Chicago, IL 60654-5200",312-894-3000,312-894-3005 fax,,
578,Joint Commission,"1 Renaissance Blvd Oakbrook Terrace, IL 60181-4805",630-792-5000,,,
579,Jon-Don,"400 Medinah Rd Roselle, IL 60172-2329",800-556-6366,,,
580,"K-Log, Inc.","1224 27th St Zion, IL 60099-2673",847-872-6611,,,
581,Kobs Strategic Consulting,"222 N. Columbus Drive, Suite 2202 Chicago, IL 60601",312-938-4430,847-934-1194 fax,,
582,"Konik & Company, Inc.","7535 N. Lincoln Avenue Skokie, IL 60076-3851",847-933-1800,847-432-4010 fax,,
583,Leapfrog Online,"807 Greenwood Street Evanston, IL 60201",847-492-1968,847-492-1990 fax,,
584,Leo Burnett/Arc Worldwide,"35 W Wacker Dr Chicago, IL 60601-1723",312-220-5280,,,
585,"Liberty Creative Solutions, Inc.","18625 West Creek Drive Tinley Park, IL 60477",708-633-7450,708-633-7449 fax,,
586,Lieber & Associates,"3740 N. Lake Shore Dr. Ste. 15B-2 Chicago, IL 60613-4237",773-325-9400,773-325-0621 fax,,
587,Marketing Highway,"1416 Gordon Ter Deerfield, IL 60015-4739",847-431-5529,,,
588,Maverick Business Ventures,"19 South Broadway Aurora, IL 60505",630-897-6448,630-897-6895 fax,,
589,"Medical Marketing Service, Inc. (MMS)","185 Hansen Court Suite 110 Wood Dale, IL 60191-1150",630-350-1717,16303501696 fax,,
590,Medill IMC/Northwestern University,"1870 Campus Dr Evanston, IL 60208-0885",847-467-3433,,,
591,Metropolitan Graphic Arts,"930 Turret Ct. Mundelein, IL 60060-3821",847-566-9502,847-566-9584 fax,,
592,NAVTEQ Media Solutions,"425 West Randolph Street Chicago, IL 60606",312-894-7000,312-894-7150 fax,,
593,NAVTEQ/NOKIA,"425 West Randolph Chicago, IL 60606",312-780-1989,,,
594,Nightingale Conant Corporation,"6245 W. Howard St. Niles, IL 60714-3403",847-647-0300,,,
595,"Northwest Mailing Service, Inc.","5501 W. Grand Avenue Chicago, IL 60639",773-237-2264,773-237-3577 fax,,
596,OfficeMax,"263 Shuman Blvd Naperville, IL 60563-8147",630-864-5809,,,
597,Old World Ind,"4065 Commercial Ave Northbrook, IL 60062",847-559-2137,,,
598,"ORC ProTel, LLC","17233 Continental Dr. Lansing, IL 60438-6034",708-418-0600,708-418-7457 fax,,
599,"Partnerdata, Llc","2119 Dewey Ave Ste B Evanston, IL 60201-3035",847-733-0819,,,
600,"Pearl Insurance Group, LLC","1200 E Glen Ave Peoria Heights, IL 61616-5325",309-688-9000,,,
601,PIP Printing & Marketing Services,"8325 N. Allen Road Peoria, IL 61615",309-691-6500,,,
602,Print Management Partners,"701 Lee St Ste 1050 Des Plaines, IL 60016-4572",847-699-2999,,,
603,Prodigy Mailing Services,"389 E. South Frontage Rd Bolingbrook, IL 60440-3029",630-783-9070,,,
604,Progressive Impressions International,"1 Hardman Dr Bloomington, IL 61701-6934",309-664-0444,309-662-2055 fax,,
605,Propco / Promotions in Travel,"7360 N. Lincoln Ave., Suite 100 Lincolnwood, IL 60712",773-463-9193,773-463-6673 fax,,
606,PSI Marketing Consultants,"2945 West Peterson Ave. Chicago, IL 60659",773-878-0800,773-878-4219 fax,,
607,Royal Performance Group,"12 Salt Creek Ln., Ste. 450 Hinsdale, IL 60521",630-986-5416,630-986-1568 fax,,
608,Sedgwick Moran Detert & Arnold LLP,"1 N. Wacker Drive Suite 4200 Chicago, IL 60606",312-849-1985,,,
609,SEI LLC,"1520 Kensington Road, Suite 310 Oak Brook, IL 60523",610-676-1000,708-699-6553 fax,,
610,"Simply Batteries, Inc.","PO Box 948 DeKalb, IL 60115-0948",815-756-1473,,,
611,Sir Speedy Edison Park,"6725 N. Northwest Highway Chicago, IL 60631",773-763-7450,,,
612,Sir Speedy Printing / Naperville,"526 W. 5th Ave Naperville, IL 60563",630-355-0660,,,
613,Specialty Store Services Inc.,"454 Jarvis Ave Des Plaines, IL 60018-1912",847-470-7000,,,
614,State Farm Insurance Companies,"One State Farm Plz. Bloomington, IL 61710-0001",309-766-2311,,,
615,Tailored Data Source,"245 W. Roosevelt Rd., Bldg. 15, Ste. 111 West Chicago, IL 60185-3739",630-580-5856,630-231-1750 fax,,
616,Target + Response Inc.,"420 North Wabash Avenue Suite 201 Chicago, IL 60611",312-321-0500,312-321-0051 fax,,
617,The American College of Obstetricians and Gynecologists Member Insurance,"1200 East Glen Ave Peoria Heights, IL 61616",800-214-8122,866.817.9009 fax,,
618,"The Direct Marketing Specialists, Inc.","900 North Franklin Ste. 706 Chicago, IL 60610-3124",312-266-7906,312-266-9230 fax,,
619,The Ignition Network,"125 S. Wacker Drive, Suite 1750 Chicago, IL 60606",312-893-5002,609-784-7490 fax,,
620,The Marketing Store,"701 E 22nd St Lombard, IL 60148",630-693-1400,630-693-1810 fax,,
621,Tower Media,"233 N. Michigan Ave. Suite 2350 Chicago, IL 60601",312-856-9200,312-856-1300 fax,,
622,TransUnion,"555 W Adams St Chicago, IL 60661-3719",312-258-1717,,,
623,True Value Company,"8600 W Bryn Mawr Ave, 5 South Chicago, IL 60631",773-695-5000,,,
624,U.S. Cellular,"8410 W BRYN MAWR AVENUE CHICAGO, IL 60631",773-399-6873,,,
625,ULTA Salon Cosmetics Fragrance,"1135 Arbor Dr Romeoville X-4871, IL 60446-1174",630-226-0020 x4871,,,
626,Umarketing,"1910 S HIGHLAND AVENUE SUITE 100 LOMBARD, IL 60148-6192",866-482-0288,630-916-1313 fax,,
627,"United Marketing Group, LLC","929 N. Plum Grove Rd. Schaumburg, IL 60173-4704",847-240-2005,,,
628,University of Chicago GSB,"450 N Cityfront Plaza Dr Chicago, IL 60611-5500",312-464-8723,,,
629,"W.W. Grainger, Inc.","14441 W Il Route 60 Lake Forest, IL 60045-5203",847-535-1000,,,
630,Walgreens,"302 Wilmot Rd MS#3B-27 Deerfield, IL 60015",847-914-2972,,,
631,Wheaton Group,"1910 S. Highland Avenue Suite 103 Lombard, IL 60148-6129",919-969-8859,425-675-6014 fax,,
632,Winston Marketing Group,"2521 Busse Rd Elk Grove Village, IL 60007-6118",847-350-5800,,,
633,Delivra,"3755 East 82nd Street Suite 105 Indianapolis, IN 46240",317-915-9400,317-329-8510 fax,"...Delivra is one of the original email marketing software and service companies. For more than a decade, we have...",http://www.delivra.com
634,"Dwyer Instruments, Inc.","102 Indiana Highway 212 Michigan City, IN 46360-1956",219-879-8868,,......,http://www.dwyer-inst.com
635,ExactTarget,"20 N. Meridian St. Suite 200 Indianapolis, IN 46204",317-423-3928,317-396-1592 fax,...ExactTarget is a leading global provider of on-demand email marketing and interactive marketing solutions. The companys Interactive Marketing Hub TM...,http://www.exacttarget.com
636,"ACCENT Marketing Services, LLC","400 Missouri Avenue Suite 100 Jeffersonville, IN 47130",812-206-6200,812-206-6201 fax,,
637,American Legion Natl. Headquarters,"5745 Lee Rd. Indianapolis, IN 46216-2063",317-630-1247,,,
638,CNO Financial Group,"535 College Drive Carmel, IN 46032",317-817-5478,,,
639,Defender Direct,"3750 Priority Way S. Drive, #200 Indianapolis, IN 46240",317-810-4720 EXT 142,,,
640,Dynamic Graphics dba PIP Printing,"7210 Zionsville Road Indianapolis, IN 46268",317-328-2555,,,
641,Fifth Gear / Sigma Micro LLC,"6720 Parkdale Place Indianapolis, IN 46254",317-631-0907,317-631-6585 fax,,
642,L & D Mail Masters,"110 Security Pkwy New Albany, IN 47150",812-981-7161,,,
643,"Liberty Fund, Inc.","8335 Allison Pointe Trail Suite #300 Indianapolis, IN 46250-1684",317-842-0880,,,
644,MainSource Financial Group,"2105 N State Road 3 Bypass Greensburg, IN 47240-9539",812-663-7118,,,
645,Mead Johnson Company,"2400 W. Lloyd Expressway Evansville, IN 47721-0001",812-429-5204,,,
646,"Our Sunday Visitor, Inc.","200 Noll Plz. Huntington, IN 46750-4304",260-359-2541,,,
647,"Pentera, Inc.","8650 - G Commerce Park Place Indianapolis, IN 46268",317-875-0910,,,
648,Pip #324,"3855 E 96th Street, Suite L Indianapolis, IN 46240",317-569-1855,,,
649,TeleServices Direct,"5305 Lakeview Parkway, South Drive Indianapolis, IN 46268",317-216-2240,317-290-2818 fax,,
650,"Wellpoint, Inc","120 Monument Circle Indianapolis, IN 46204",317-532-6000,,,
651,Alaniz-Metro,"425 N Iris Rd Mount Pleasant, IA 52641-3109",319-385-7259,319-385-2825 fax,"...As one of Americas success stories, Alaniz is a start-up company that helped to revolutionize the direct mail industry. Established...",http://www.alanizdirect.com
652,B2E Direct Marketing,"209 SE Main Street Grimes, IA 50111",515-986-1992,877-275-2360 fax,...B2E Direct Marketing is a two time ECHO award winning firm that provides direct marketing solutions for all types of...,http://www.b2edirect.com
653,dmh Marketing Partners,"425 North Iris Street Mt. Pleasant, IA 52641",410-310-7492,,...dmh Marketing Partners is a full service direct mail and data management company that mails over 1 billion pieces annually...,http://www.dmhMarketingPartners.com
654,Hawthorne Direct,"300 N. 16th St. Fairfield, IA 52556",641-472-3800,641-472-8851 fax,"...Hawthorne Direct is a full-service direct response advertising agency specializing in Short Form television, Long Form television, Digital, Mail and...",http://www.hawthornedirect.com?hdiref=dmavendorsea
655,"REES ASSOCIATES, INC.","P. O. Box 831 Des Moines, IA 50304-0831",515-243-2127,515-243-1026 fax,"...Rees Associates, Inc. has been providing lettershop, fulfillment, and packaging services to the direct mail industry for nearly 40 years....",http://www.reesassociates.com
656,The Integer Group,"2633 Fleur Dr. Des Moines, IA 50321",515-247-2714,515-288-8439 fax,...Company OverviewThe Integer Group is a world leader in brand marketing and retail promotions. What sets us apart from other...,http://www.integer.com
657,August Home Publishing,"2200 Grand Ave Des Moines, IA 50312-5306",515-875-7000,,,
658,Aviva USA,"7700 Mills Civic Parkway West Des Moines, IA 50266",515-342-6150,,,
659,GuideOne Insurance,"1111 Ashworth Rd West Des Moines, IA 50265-3537",877-448-4331,,,
660,Homesteaders Life Company,"5700 Westown Pkwy West Des Moines, IA 50266-8211",515-440-7777,,,
661,Marsh U.S. Consumer,"12421 Meredith Dr Urbandale, IA 50398-9001",515-365-6102,,,
662,BKV,"10561 Barkley St Ste. 200 Overland Park, KS 66212-1835",913-648-8333,913-648-5024 fax,"...BKV is a full-service, integrated marketing communications agency whose mission is fueling brands, igniting sales for our clients. Click...",http://www.bkv.com
663,Lexinet Corporation,"701 N. Union Street Council Grove, KS 66846",800-767-1577,,"...Smart... fresh personalized marketing From concept to completion, Lexinet offers direct marketing programs that help you engage targeted...",http://www.lexinetcorporation.com
664,"Pat Friesen & Company,LLC","9636 Meadow Lane Leawood, KS 66206-2259",913-341-1211,913-341-4343 fax,"...Pat Friesen & Company, LLC What do you want your copy and content to do? Generate web traffic? ...",http://PatFriesen.com
665,Ruf Strategic Solutions,"1533 E. Spruce Olathe, KS 66061-3646",913-782-8544,913-782-0150 fax,...Ruf Strategic Solutions delivers a full suite of marketing and business intelligence solutions designed to help organizations acquire new customers...,http://www.ruf.com
666,Southwest Publishing & Mailing Corp.,"2600 NW Topeka Blvd. Topeka, KS 66617",785-233-5662,7852337258 fax,"...One Stop Lettershop. Since 1971, we operate 24/7 providing quality service and competitive pricing. Centrally located means: strong Midwest work...",http://www.swpks.com
667,The Zillner Group Inc,"8725 Rosehill Rd Ste 209 Lenexa, KS 66215-4611",913-599-3230,913-599-0080 fax,"...At Zillner Marketing Communications (ZMC), our full-time focus has always been, and always will be, advertising and marketing senior housing...",http://www.zillner.com
668,Associated Marketing-PR-Advertising,"330 N. Mead Suite 200 Wichita, KS 67202-2722",316-683-4691,316-683-1990 fax,,
669,Dean & Deluca Brands Inc.,"2402 E 37th St N Wichita, KS 67219-3538",316-683-1255,,,
670,GTM Sportswear,"PO Box 8 Manhattan, KS 66505-0008",800-336-4486,,,
671,J. Schmid & Assoc. Inc.,"5800 Foxridge Drive Suite 200 Mission, KS 66202-2333",913-236-8988,913-236-8987 fax,,
672,"Marketshare Publications, Inc.","7171 West 95th Street Suite #600 Overland Park, KS 66212-2300",913-338-3360,913-217-2895 fax,,
673,"Payless ShoeSource, Inc.","3231 SE 6th Ave Topeka, KS 66607-2260",785-233-5171,,,
674,Peruvian Connection Ltd.,"24535 McLouth Rd. P. O. Box 990 Tonganoxie, KS 66086-0990",913-845-2450,,,
675,PlattForm Advertising,"15500 W 113 St Suite 200 Lenexa, KS 66219",913-254-6000,913-764-4043 fax,,
676,Publishers Renewal Services,"10406 Shawnee Mission Pkwy Shawnee Mission, KS 66203",913-248-1800 x204,,,
677,Sir Speedy Olathe,"895 N. Northway Drive Olathe, KS 66061",913-780-4411,,,
678,StrategicOne,"6700 Antioch Rd Ste. 410 Overland Park, KS 66204-1278",913-342-9100 EXT 102,913-671-7337 fax,,
679,SW Caging Corporation,"5342 NW 25th St Topeka, KS 66618-3738",785-232-0061,785-232-2551 fax,,
680,Allegra Marketing Services,"2680 Technology Dr. Louisville, KY 40299-6424",502-895-1530,502-895-1624 fax,...Creative & Design Corporate identity & branding Logo design Marketing collateral Direct mail campaigns Newsletters ...,http://www.allegra-east.com
681,DNR Group,"1720 Watterson Trail Louisville, KY 40299",502-339-6442,502.339.6460 fax,...dmh Marketing Partners was the Pioneer and first to bring the Genuinely Penned font technology and patented process to the...,http://www.dmhMarketingPartners.com/GP
682,Preferred Marketing Solutions,"PO Box 99900 Louisville, KY 40269",502-261-2633,502-216-2749 fax,"...It's all right here. Now, you have a single high-quality source to turn to for all your printing, promotional, P.O.P. and...",http://www.preferredms.com
683,Finelight,"123 E. Main Street Suite 201 Louisville, KY 40202-1341",502-589-5896,,,
684,Humana,"1951 Bishop Ln Louisville, KY 40218-1930",502-580-5005,,,
685,Jefferson National,"9920 Corporate Campus Drive Suite 1000 Louisville, KY 40223",502-515-7813,,,
686,"KCEOC Community Action Partnership, Inc.","PO Box 490 Barbourville, KY 40906-0490",606-546-3152,606-546-5057 fax,,
687,"Papa John's","2002 Papa John Louisville, KY 40299",502-261-4776,502-261-4416 fax,,
688,Tobe Direct,"9700 Park Plaza Avenue Suite 210 Louisville, KY 40241-2287",502-423-9898,502-423-0998 fax,,
689,"Xcelerated Investments, Inc.","2940 Hebron Park Drive Suite 307 Hebron, KY 41048",877-489-3347,,,
690,Bent Media Inc.,"128 S. Clark St New Orleans, LA 70119",504-488-2848,,,
691,Dukky,"1200 west Causeway, Suite 24 Mandeville, LA 70471",985-626-4449,,,
692,Peter A. Mayer Advertising,"324 Camp Street New Orleans, LA 70130",504-581-7191,504-581-3009 fax,,
693,Sir Speedy Lafayette,"100 E. Vermilion St. Suite 102 Lafayette, LA 70501",337-593-9995,,,
694,"Data Services, Inc.","31516 Winterplace Parkway Salisbury, MD 21804-1883",410-546-2206,410-546-2274 fax,"...Founded in 1967, Data Services, Inc. is a privately held company headquartered on the eastern shore of Maryland in the...",http://www.dataservicesinc.com
695,DataLab USA,"20261 Goldenrod Ln Germantown, MD 20876-4063",301-972-1430,301-972-3638 fax,"...DataLab USA, LLC is a four-time award winning, data analysis and database marketing services provider. For over 30 years, we...",http://www.datalabusa.com
696,DirectMail.com,"201 Skipjack Road Prince Frederick, MD 20678-3411",888-690-2252,301-420-5616 fax,...DirectMail.com We are a company dedicated to providing solutions for all of your direct marketing needs from lists...,http://www.directmail.com
697,MarketBridge,"4350 East West Hwy 6th Floor Bethesda, MD 20814",301-907-3800,301-907-3282 fax,"...For over 15 years MarketBridge has provided end-to-end services - from traditional consulting to complete solutions - where we design,...",http://www.market-bridge.com
698,"Mary Elizabeth Granger & Associates, Inc.","110 West Rd., Ste. 235 Baltimore, MD 21204-2343",410-842-1170,410-842-1185 fax,"...For nearly 30 years, MEGA has been recognized as one of the industrys most trusted list brokerage and management companies....",http://www.maryegranger.com
699,Merkle,"7001 Columbia Gateway Drive Columbia, MD 21046",443-542-4000,443-542-4759 fax,"...Merkle, a customer relationship marketing (CRM) firm, is the nation s largest privately-held agency. For more than 20 years, Fortune...",http://www.merkleinc.com
700,"Message Systems - fast, flexible, focused","7070 Samuel Morse Dr. Ste. 150 Columbia, MD 21046-2548",443-656-3314,410-872-4912 fax,"...The industry leader in messaging technology, Message Systems offers software solutions that address the digital communications needs of todays most...",http://www.messagesystems.com
701,NameBank International,"16 West Madison Street Baltimore, MD 21201",410-864-0854,410-864-2522 fax,"...NameBank International is a full-service, international list brokerage and management company based in Baltimore, Maryland. Since its inception in 1980,...",http://www.namebank.com
702,Vertis Communications,"250 W. Pratt Street Suite 1800 Baltimore, MD 21201-2423",410-528-9800,410-528-9287 fax,"...Vertis Communications is a results-driven marketing communications company that delivers inventive advertising, direct marketing and interactive solutions to prominent brands...",http://www.vertisinc.com
703,Acterna Corp (JDSU),"1 Milestone Manor Ct Germantown, MD 20876-5906",301-353-1550,301-404-2195 fax,,
704,ADRA International,"12501 Old Columbia Pike Silver Spring, MD 20904-6601",301-680-6373,,,
705,Aircraft Owners & Pilots Association,"421 Aviation Way Frederick, MD 21701-4756",301-695-2000,,,
706,American Health Assistance Foundation,"22512 Gateway Center Dr Clarksburg, MD 20871-2005",301-948-3244,,,
707,American Kidney Fund,"6110 Executive Blvd. Suite 1010 Rockville, MD 20852-3914",301-881-3052 x6653,,,
708,American Marketing & Communications Corp.,"14201 Pennsylvania Ave Hagerstown, MD 21742-1665",240-625-9225,240-625-9237 fax,,
709,American Speech-Language-Hearing Association,"2200 Research Blvd Rockville, MD 20850-3289",301-897-5700,,,
710,Americatel Corporation,"7361 Calhoun Pl Ste 520 Derwood, MD 20855-2775",301-610-4354,,,
711,"API / Advertising, Premiums & Incentives","4471 Nicole Drive Lanham, MD 20706",301-731-6100,,,
712,Barton Cotton,"3000 Waterview Ave Baltimore, MD 21225",410-247-4800,410-536-0491 fax,,
713,BrightKey,"9050 Junction Dr United States Annapolis Junction, MD 20701-1150",301-604-3305,240-646-7040 fax,,
714,CDR Fundraising Group™,"16900 Science Drive, Suite 210 Bowie, MD 20715",301-858-1500,301-858-0107 fax,,
715,ClearOne Advantage,"7125 Thomas Edison Drive Suite 203 Columbia, MD 21046",443-996-1889,,,
716,Country Casual,"7601 Rickenbacker Dr Gaithersburg, MD 20879-4807",301-926-9195,,,
717,Creative Synergy Inc.,"13660 Spinning Wheel Drive Germantown, MD 20874",301-515-9397,,,
718,Custom Direct,"1802 Fashion Ct Joppa, MD 21085-3237",410-679-3300,,,
719,"Daedalus Books, Inc.","9645 Gerwig Ln Columbia, MD 21046-1520",410-309-2700,,,
720,EU Services,"649 North Horners Ln Rockville, MD 20850-1299",301-424-3300,301-424-3696 fax,,
721,Health Affairs,"7500 Old Georgetown Rd. Ste. 600 Bethesda, MD 20814-6800",301-656-7401,,,
722,"Healthy Directions, LLC","7811 Montrose Road Potomac, MD 20854",301-340-7788,,,
723,"Jos. A. Bank Clothiers, Inc.","500 Hanover Pike Hampstead, MD 21074-2002",410-239-2700,,,
724,Lead Wholesalers LLC,"10441 Racetrack Rd # 3B Berlin, MD 21811",877-545-4212,,,
725,Lotame Solutions Inc,"8850 Stanford Blvd. Suite 2000 Columbia, MD 21045",410-379-2195,,,
726,"MMI Direct, LLC","7160 Columbia Gateway Drive Suite 300 Columbia, MD 21046",410-561-1500,410-561-0833 fax,,
727,NASA Federal Credit Union,"500 Prince Georges Blvd. Upper Marlboro, MD 20774",301-249-1800,,,
728,"PayPal, Inc.","9690 Deereco Rd. Suite 705 Timonium, MD 21093-6936",443-921-1184,,,
729,PMG,"7160 Columbia Gateway Drive Suite 300 Columbia, MD 21046",410-290-0667,,,
730,ProjectSense,"602 Whispering Wind Ct Gaithersburg, MD 20877",301-330-8344,,,
731,Roland Advisors,"4 Norwood Road Annapolis, MD 21401",410-268-3648,,,
732,Saturn Corporation,"4701 Lydell Rd. Cheverly, MD 20781",301-772-7000,301-386-4538 fax,,
733,Silver Marketing,"7910 Woodmount Avenue Ste 914 Bethesda, MD 20814-7028",301-951-3505,,,
734,Sir Speedy BWI,"1025 W. Nursery Rd., Ste 100 Linthicum Heights, MD 21090",410-553-6300,,,
735,"Sir Speedy Printing Ctr., Inc.","10304 5. Dofield Rd Owings Mills, MD 21117",410-363-8100,,,
736,"Sisk Fulfillment Service, Inc.","PO Box 463 Federalsburg, MD 21632",410-754-8141,410-754-8223 fax,,
737,Sodexo Pass,"9801 Washingtonian Blvd Suite 623 Gaithersburg, MD 20878",301-987-4000,,,
738,"Stone Street Capital, Inc.","7316 Wisconsin Ave Ste 500 Bethesda, MD 20814-2937",301-951-2124,,,
739,Texada Capital Corporation,"62 Greenwood Shoals Grasonville, MD 21638",866-595-6224,443-782-0248 fax,,
740,The Country House Inc.,"805 E Main St Salisbury, MD 21804-5024",410-749-1959,,,
741,"The Right Lists, Ltd.","6417 Erin Drive Clarksville, MD 21029",410-531-0467,410-531-0537 fax,,
742,The Union Labor Life Insurance Company,"8403 Colesville Rd Silver Spring, MD 20910-6331",202-962-2945,,,
743,Thompson Creek Window Company,"5000 Philadelphia Way Lanham, MD 20706",301-560-1420,,,
744,"Trahan, Burden & Charles","900 S. Wolfe Street Baltimore, MD 21231",410-347-7500,410-396-1322 fax,,
745,Transamerica Life & Protection,"520 Park Ave Baltimore, MD 21201-4500",972-881-4947,,,
746,"ZIP Mailing Services, Inc.","3118 Hubbard Road Landover, MD 20785-2000",301-386-3633,301-386-3637 fax,,
747,PowerPay,"320 Cumberland Ave. Portland, ME 04101",877-877-3737,402-330-2280 fax,,
748,TD Bank N.A.,"70 Gray Rd Falmouth, ME 04105-2019",207-770-2196,,,
749,Campbell Ewald,"30400 Van Dyke Avenue Warren, MI 48093",586-574-3400,248-447-7564 fax,...Campbell Ewald (CE) is a full-service collaborative marketing communications company. CE was founded in 1911 and was privately held until...,http://www.c-e.com
750,Demand Marketing,"377 Fisher Road STE D Grosse Pointe, MI 48230",313-823-8598,313-823-8598 fax,"...Welcome to Demand. The Demand companies are dedicated to creating value for our clients' businesses and helping them to maximize...",http://www.create-demand.com
751,"Dundee Internet Services, Inc","PO BOX 102 Dundee, MI 48131",734-529-5331,734-529-5085 fax,...Advanced Email List Services hosted by Dundee Internet - your best choice in an email service provider (ESP) ...,http://www.mailing-list-services.com/services/inde
752,Entertainment Promotions,"1414 E. Maple Rd Troy, MI 48083",248-404-1070,,"...The Company • Entertainment® was founded in 1962. • Global Headquarters are at 1414 E. Maple Rd. in Troy, MI...",http://www.entertainment.com
753,"MarketNet Services, LLC","14998 Cleveland St. Spring Lake, MI 49456-8993",616-847-7992,616-847-7994 fax,"...We create lead management solutions and lead nurturing systems for people who: - Want to capture, respond to, distribute and track...",http://www.marketnetservices.com
754,Access Business Group,"7575 Fulton Street East 55-1F Ada, MI 49355",616-787-6000,616-787-5650 fax,,
755,"Allegra Network, LLC","21680 Haggerty Road Northville, MI 48167",248-596-8600,248-596-8601 fax,,
756,Budco,"13700 Oakland Avenue Highland Park, MI 48203",888-283-2640,,,
757,"Burnett Direct, Inc.","5760 Drake Rd West Bloomfield, MI 48322-1262",248-313-9120,248-932-7107 fax,,
758,CRK Computer Services,"16250 Northland Drive, Ste. 12 Southfield, MI 48075-5226",248-569-3050,248-569-5259 fax,,
759,Dziurman Dzign Inc.,"620 South Main St Clawson, MI 48017",248-288-8800,248-288-8804 fax,,
760,"Entertainment Publications, LLC","1414 E Maple Rd Troy, MI 48083-4019",800-450-8114,248-404-1641 fax,,
761,GM Customer Relationship Management,"100 Renaissance Center Detroit, MI 48265-0001  3135565000",,,,
762,Health Alliance Plan,"2850 W. Grand Blvd. Detroit, MI 48202-2692",248-443-1075,,,
763,ICS Marketing Support Services,"4225 Legacy Parkway Lansing, MI 48911",517-394-1890,517-394-7408 fax,,
764,Learning Care Group,"21333 Haggerty Road, Suite 300 Novi, MI 4S375",248-697-9000,248-697-9002 fax,,
765,Meemic Insurance Company,"1685 N. Opdyke Road Auburn Hills, MI 48326-2656",888-463-3642,,,
766,MSU Federal Credit Union,"3777 West Rd East Lansing, MI 48823-8029",517-333-2254,,,
767,On-Demand Mail Services,"792 N. Perry Pontiac, MI 48342",888-954-6245,,,
768,PCS Company,"34488 Doreka Fraser, MI 48026",586-294-7780,586-294-7799 fax,,
769,"Phone Bank Systems, Inc.","4990 Northwind Drive, Suite 235 East Lansing, MI 48823-5031",517-332-1500,,,
770,Polk,"26533 Evergreen Road Suite 900 Southfield, MI 48076",248-728-7000,248-809-4092 fax,,
771,Presbyterian Villages of Michigan,"26200 Lahser Rd Ste 300 Southfield, MI 48033-7157",248-281-2020,,,
772,Presence II Productions,"3810 Mystic Valley Dr Bloomfield Hills, MI 48302",248-763-8581,,,
773,Sir Speedy Grand Rapids,"4513-A Broadmoor Avenue SE Grand Rapids, MI 49512",616-554-7777,,,
774,Sir Speedy Printing Livonia,"33599 Seven Mile Road Livonia, MI 48152",248-808-0480,,,
775,TechniServe Inc,"2065 Livernois RD Troy, MI 48083",248-989-0100,248-395-0010 fax,,
776,3M Promotional Markets,"3M Center 2020 Lookout Dr. Mankato, MN 56001",800-328-2407,,"...With powerful brands, innovative products and a global presence, we make life easier and more productive for consumers and office...",http://promote.3m.com
777,A Marketing Resource LLC / AMR,"1185 N. Concord #300 South Saint Paul, MN 55075",651-255-5855,651-451-7410 fax,"...Stealth marketing and telemarketing solutions for publishers, broadcasters and energy providers Innovators in Do-Not-Call solutions. Full service marketing agency specializing...",http://www.amr-advantage.com
778,American Spirit Graphics,"801 S.E. 9th St. Minneapolis, MN 55414",612-623-3333,612-623-9314 fax,...American Spirit Graphics is ideally situated in the Midwest to serve our base of national marketers. Four production facilities offer...,http://www.asgc.com
779,Corporate Graphics Direct Marketing Solutions,"1170 Grey Fox Road Arden Hills, MN 55112",651-494-1740,651-494-1750 fax,...Corporate Graphics Direct Marketing Solutions (CGDMS) is a marketing service provider that specializes in delivering customized solutions in the following...,http://www.cgdms.com
780,DWS Associates,"1032 St. John's Bay Saint Paul, MN 55129-6904",651-315-7588,866-794-7314 fax,"...Knowing that your needs are unique, we work with you to create and execute customized, customer driven, integrated marketing strategies...",http://www.dwsassociates.com
781,FICO,"4295 Lexington Ave N Arden Hills, MN 55126",888-342-6336,,"...FICOs Marketing Solutions maximize client engagement, loyalty and sales through leveraging customer data, advanced predictive analytics and optimization, and real-time...",http://www.fico.com
782,Infinity Direct,"13220 County Road 6 Minneapolis, MN 55441",763-559-1111,763-553-1852 fax,"...We offer a unique combination of design, marketing, business analysis, and database skills. The first thing we consider in creating...",http://www.infinitydirect.com/
783,Japs-Olson Company,"7500 Excelsior Boulevard St Louis Park, MN 55426-4503",952-932-9393,952-912-1900 fax,"...Japs-Olson Company, founded in 1907 by Barney Japs and G.F. Olson, has been able to remain in the forefront of...",http://www.japsolson.com
784,"Lorton Data, Inc.","2 Pine Tree Drive Suite 302 Arden Hills, MN 55112-3715",651-203-8290,651-203-8299 fax,"...Lorton Data produces, manages, and analyzes individual, household, and business data. Create and maintain profitable interactions with your target audience...",http://www.lortondata.com
785,"MackayMitchell Envelope Company, LLC","2100 Elm St., S.E. Minneapolis, MN 55414-2533",847-418-3866,612-331-3460 fax,"...MackayMitchell Envelope Company is a leading supplier of quality envelopes in North America with plants in Minnesota, Iowa and Oregon....",http://www.mackaymitchellenvelope.com
786,"Nahan Printing, Inc.","7000 Saukview Drive St. Cloud, MN 56303",320-251-7611,320-259-1378 fax,"...Nahan is an award winning, full-service print industry leader specializing in high-end catalogs with full print and direct mail capabilities....",http://www.nahan.com
787,Novus Media Inc.,"Two Carlson Parkway Suite 400 Plymouth, MN 55447",612-758-8600,612-336-8600 fax,"...Novus is one of the largest U.S. media buyers, specializing in campaigns that utilize print and online media both individually...",http://www.novusmediainc.com
788,THE CONNECTION (R) Outsourced Call Ctr.,"11351 Rupp Drive Burnsville, MN 55337",800-883-5777,,"...The Connection (www.the-connection.com), U.S.-based outsourced contact center service provider. The Connection provides extensive customer service, technical...",http://www.the-connection.com
789,Agilis Company,"2380 Crossroads Boulevard Albert Lea, MN 56007",507-318-0625,507-377-9220 fax,,
790,Asset Marketing Services Inc.,"14101 Southcross Dr W Burnsville, MN 55337-6902",952-707-7000,,,
791,Aveda Corporation,"4000 Pheasant Ridge Drive Minneapolis, MN 55449-7106",763-951-4201,,,
792,Best Buy,"7601 Penn Ave S Richfield, MN 55423-3683",612-291-1000,,,
793,"Bluewater Direct, Inc.","5775 12th Ave E Ste 100 Shakopee, MN 55379-1971",952-215-0780,952-215-0799 fax,,
794,Carlson Marketing Worldwide,"1405 Xenium Lane North Ste 150 Minneapolis, MN 554441",763-445-3000,763-212-1896 fax,,
795,Confluent Impact Communications,"7300 Hudson Blvd, Suite 270 St Paul, MN 56649",207-439-2924,,,
796,Creative Banner Assemblies,"2730 Nevada Avenue New Hope, MN 55427",763-278-6515,,,
797,d.trio marketing group,"401 North Third St., #480 Minneapolis, MN 55401-1351",612-436-0323,612-436-0324 fax,,
798,DEI,"401 N 3rd St Ste 370 Minneapolis, MN 55401-1350",612-677-1505,,,
799,Deluxe SBS,"3680 Victoria St N Saint Paul, MN 55126-2906",651-490-8000,,,
800,DTN,"11400 Rupp Drive Minneapolis, MN 55337",952-882-4563,,,
801,"Engagenextgen, LLC","5463 Bartlett Blvd Mound, MN 55364",952-905-4474,,,
802,FICO,"901 Marquette Ave Ste 3200 Minneapolis, MN 55402-3232",651-486-1870,,,
803,"Gillette Children's Specialty Healthcare","200 University Ave E Saint Paul, MN 55101-2507",651-229-1726,,,
804,"Impact Innovations, Inc.","223 SE 1st Clara City, MN 56222",651-319-3083,320-847-1436 fax,,
805,IWCO Direct,"7951 Powers Blvd. Chanhassen, MN 55317-9502",952-474-0961,952-470-6420 fax,,
806,Meyer Associates Teleservices,"14 7th Ave North St. Cloud, MN 56303",320-656-4137,320-259-4064 fax,,
807,MoneyGram International,"1550 Utica Ave S Ste 100 Minneapolis, MN 55416-5301",952-591-3844,,,
808,"Navitor, Inc","1985 Lookout Drive Mankato, MN 56003",507-304-6362,,,
809,"North American Membership Group, Inc.","12301 Whitewater Dr Minnetonka, MN 55343-9447",952-936-9333,,,
810,Ovative Groups,"5333 Knox Ave S Minneapolis, MN 55419-1043",612-716-5149,,,
811,Periscope Advertising,"921 Washington Avenue South Minneapolis, MN 55415-1257",612-399-0500,612-399-0505 fax,,
812,Piper Jaffray,"800 Nicollet Mall Minneapolis, MN 55402-5679",612-303-0000,,,
813,"Product To Market, Llc","4536 County Road 4 Sw Cokato, MN 55321-4220",320-286-9997,320-286-9923 fax,,
814,"RDO Marketing, LLC","7710 Computer Avenue Suite 120 Minneapolis, MN 55435-5400",952-746-7585,952-835-6603 fax,,
815,"Schwan's Home Service, Inc.","115 West College Drive Marshall, MN 56258",507-537-8294,,,
816,Sight Marketing,"400 First Avenue North Suite 100 Minneapolis, MN 55401",651-379-4059,,,
817,Sir Speedy,"7793 Ranchers Road NE Fridley, MN 55432",763-571-4608,,,
818,"Targeted Marketing Solutions, LLC","17683 Ballentrae Circle Eden Prairie, MN 55347-4155",888-399-1478,,,
819,"Tele Resources, Inc.","1203 London Rd. Duluth, MN 55802-2203",218-724-2026,218-724-2147 fax,,
820,The Occasions Group,"1710 Roe Crest Dr North Mankato, MN 56003-1806",507-625-6464,,,
821,TN Marketing,"1903 Wayzata Blvd East Wayzata, MN 55391-4478",763-577-1200,763-577-1299 fax,,
822,U. S. BANK,"200 South 6th St. Minneapolis, MN 55402-1403",612-973-1111,,,
823,University Of Minnesota,"1420 Eckles Ave 340 Coffey Hall Saint Paul, MN 55108-1030",612-625-0256,,,
824,Waytek,"2440 Galpin Ct. Chanhassen, MN 55317-0690",952-465-0431,,,
825,"AdGeo, Inc.","530 Maryville Centre Dr. Suite 230 Saint Louis, MO 63141",314-336-3200,,"...AdGeo provides mobile marketing, IVR, call recording, and lead tracking services to organizations with multiple sites or locations. Our goal...",http://www.adgeo.com
826,Adknowledge,"4600 Madison Ave, 10th Floor Kansas City, MO 64112",816-931-1771,,"...As the leading long tail marketplace, Adknowledge connects advertisers to consumers in hard-to-reach places on the Web, including email, display,...",http://www.adknowledge.com
827,"Crosslists, Cross & Company, Inc.","678 NW Highway Z Bates City, MO 64011-9120",816-697-3306,816-697-3317 fax,"...Your Direct Marketing Data Source! Ready for any challenge! Crosslists, Cross & Company brings years of professional list brokering, management, and...",http://www.crosscompany.com
828,Hallmark Business Connections,"2501 McGee PO Box 419580, MD 190 Kansas City, MO 64141",612-672-8600,612-672-0127 fax,"...Who we are: Hallmark Business Connections, the B2B subsidiary of Hallmark Cards, provides meaningful, memorable and measurable solutions that...",http://www.hallmarkbusinessconnections.com
829,Hemisphere Marketing,"Kansas City, MO 64113-1731",816-444-5439,816-268-3390 fax,...Offering proven catalog design and mailing strategies to increase your bottom line. Whether you need us to provide one stage...,http://www.hemispheremarketing.com
830,Intelispend,"1400 S Highway Dr Fenton, MO 63099",636-226-2000,636-226-2005 fax,...InteliSpend has created the ideal circumstances for creating client solutions. Our platform is the ultimate product development enabler. It allows...,http://www.intelispend.com
831,Magnets 4 Media,"7 Chamber Drive Washington, MO 63090",800-642-6384,636-390-5147 fax,...Magnets 4 Media is a division of the leading manufacturer of magnetic marketing materials in the world. Designed to...,http://www.magnets4media.com
832,MCH Strategic Data,"601 E. Marshall St. PO Box 295 Sweet Springs, MO 65351",800-776-6373,660-335-4257 fax,...MCH Strategic Data is Americas leading compiler of business-to-institution (B2i) databases and mailing lists. The largest institutional markets...,http://www.mchdata.com
833,American Direct Marketing Resources LLC,"400 Chesterfield Center, Suite 500 Chesterfield, MO 63017-4891",636-532-7703,636-532-2427 fax,,
834,Ansira,"2300 Locust Street Saint Louis, MO 63103",314-783-2300,314-783-2301 fax,,
835,ARAG,"6300 North Forest Drive Kansas City, MO 64152-3141",800-888-4184,,,
836,Children International,"2000 E. Red Bridge Rd. Kansas City, MO 64131-3694",816-942-2000,,,
837,Clarkson Eyecare,"217 Clarkson Rd. Ellisville, MO 63011",636-227-2600,,,
838,"Commerce Bancshares, Inc.","8000 Forsyth Blvd. CBIR-1 Saint Louis, MO 63105-1707",,,,
839,Copilevitz & Canter LLC,"310 W. 20th Street Suite 300 Kansas City, MO 64108",816-472-9000,816-472-5000 fax,,
840,Edward Jones,"12555 Manchester Rd Des Peres, MO 63131-3710",314-515-2000,,,
841,Emfluence,"106 W 11th St Ste 2220 Kansas City, MO 64105-1823",816-472-4455,,,
842,Gragg Advertising,"450 E 4th St Ste 100 Kansas City, MO 64106-1171",816-931-0050,816-931-0051 fax,,
843,"Impressions Direct, Inc.","2116 59th Street St. Louis, MO 63110",314-951-2100,314-781-0140 fax,,
844,InteliSpend Prepaid Solutions,"1400 South Highway Drive Fenton St. Louis, MO 63099",636-226-2000,,,
845,Latin-Pak,"141 Chesterfield Business Parkway Chesterfield, MO 63005-1233",636-536-5344,636-536-9456 fax,,
846,Royal Canin USA,"500 FOUNTAIN LAKES BLVD STE 100 SAINT CHARLES, MO 63301-4354",800-592-6687,636-229-0422 fax,,
847,Tension Envelope Corporation,"819 E 19th St Kansas City, MO 64108-1781",816-471-3800,816-283-1498 fax,,
848,Vehicle Assurance,"2747 West Clay Saint Charles, MO 63301",636-925-7800,,,
849,1-800-DialWord,"1095 E King Street Box 10 Boone, NC 28607",800-342-5967,800-256-9200 fax,...1800DialWord.com is a provider of toll free vanity numbers like 1-800-Snoring and 1-800-Hearing. We have a large variety of vanity...,http://www.1800dialword.com
850,Advanced Direct,"4221 Tudor Ln Greensboro, NC 27410-8105",336-299-0800,336-299-2619 fax,"...Advanced Direct is a full service Direct Marketing and mail production company. ADI is headquartered in Greensboro, North Carolina...",http://www.advdirectinc.com
851,Altman Dedicated Direct,"853 Academy St. Rural Hall, NC 27045-9329",336-969-9538,336-969-0187 fax,"...""One Stop"" strategic thinking and hands-on direct response marketing implementation and guidance from 25+ year veterans who've been in the...",http://www.AltmanDedicatedDirect.com
852,"Concinnity Marketing & Technology Consulting, Inc.","201 N Broad Street Suite 105 Winston Salem, NC 27101",336-245-4561,888-470-5850 fax,...The principals of Concinnity Marketing and Technology Consulting have been experts in the field of relationship marketing for a combined...,http://www.concinnitymarketing.com
853,"Quaero, a CSG Solution","1930 Camden Road Suite 2060 Charlotte, NC 28203",704-414-0200,704 414 2195 fax,"...Quaero, a CSG Solution, uses customer intelligence to help clients shift from traditional campaign-driven marketing to real-time, multichannel customer interaction....",http://www.quaero.csgsystems.com
854,SAS,"SAS Campus Drive Cary, NC 27513",919-677-8000,919-677-4444 fax,"...SAS is the leader in business analytics software and services, and the largest independent vendor in the business intelligence market....",http://www.sas.com
855,Web Decisions,"303 Pisgah Church Rd Ste 2A Greensboro, NC 27455-2756",336-545-7817,336-545-7818 fax,"...Located at the Corner of Marketing Ave and Strategy St, Web Decisions provides database driven marketing solutions that facilitate 1-to-1 and...",http://www.Webdecisions.Com
856,AccuLink,"1055 Greenville Blvd. SW Greenville, NC 27834",252-321-5805 x209,,,
857,Billy Graham Evangelistic Association,"1 Billy Graham Parkway Charlotte, NC 28201",704-401-2491,,,
858,Boy Scouts of America - Supply Group,"2109 Westinghouse Blvd Charlotte, NC 28273-6310",704-588-4260,,,
859,C2 Knowledge Based Marketing and Communications,"417 South Wrenn St. High Point, NC 27260-6642",336-886-5063,336-886-5105 fax,,
860,Carrot-Top Industries,"328 Elizabeth Brady Road P.O. Box 820 Hillsborough, NC 27278-0820",919-732-6200,,,
861,"Clarity Group, LLC","300 Market St. Ste. 130-40 Chapel Hill, NC 27516-4493",919-932-6036,,,
862,clementDIRECT,"72109 Moseley Chapel Hill, NC 27517",919-338-2853,,,
863,Direct Marketing Solutions,"11600 N. Community House Rd Ste. 175 Charlotte, NC 28277",503-281-1400,503-249-5120 fax,,
864,"Excalibur Enterprises, Inc.","4820 Bethania Station Road Winston Salem, NC 27105",336-744-5000,336-767-8257 fax,,
865,"FJ Associates, LLC","PO Box 12771 Wilmington, NC 28405",910-452-2643,910-793-2117 fax,,
866,Hallelujah Acres,"P.O. Box 2388 Shelby,NC 28151 900 S. Post Road, Shelby, NC 28152 Shelby, NC 28151-1783",704-481-1700,704-481-0345 fax,,
867,iContact,"2635 Meridian Pkwy Durham, NC 27713",919-459-2838,,,
868,"Innovative Business Products, Inc.","2845 Lowery Street Winston Salem, NC 27101",336-723-0196,,,
869,John Deere Financial,"2000 John Deere Run Cary, NC 27513-2789",919-804-2255,,,
870,Local Government Federal Credit Union,"323 W Jones St Ste 600 Raleigh, NC 27603-1369",919-755-0534,,,
871,Lorillard Tobacco Co,"PO Box 10529 Greensboro, NC 27408",336-335-7421,336-335-7299 fax,,
872,"Modern Information Services, Inc. DBA Sir Speedy","313-B South Center Street Statesville, NC 28677",704-872-1020,,,
873,Ned Herrmann Group dba Herrmann International,"794 Buffalo Creek Rd Lake Lure, NC 28746-9903",828-625-9153,,,
874,"PHE, Inc.","PO Box 8200 Hillsborough, NC 27278-8200",919-644-8100,,,
875,Pip Printing & Document Services,"825 S. Main St. Burlington, NC 27215",336-222-0717,336-222-0773 fax,,
876,Preferred Communications,"105 Lake Road Creedmoor, NC 27522",800-300-6020,800-320-4090 fax,,
877,"Real Time Content, a Division of Randall-Reilly Publishing Co., LLC","1509 Orchard Lake Dr Charlotte, NC 28270-1473",,,,
878,Roseberry Direct List Mgmt. & Brokerage,"265 Timberline Trl Elon, NC 27244-8008",336-532-1000,336-227-5579 fax,,
879,SIPCAMADVAN,"2520 Meridian Parkway Suite 525 Durham, NC 27713",919-226-1287,,,
880,Sir Speedy Charlotte,"1522 Crossbeam Drive Charlotte, NC 28217",704-926-7586,,,
881,Sir Speedy Printing and Marketing Raliegh,"1801 St. Albans Drive Raleigh, NC 27609",919-872-9498,919-872-0120 fax,,
882,Sir Speedy Printing High Point,"117 W. Lexington Ave. High Point, NC 27262",336-889-6322,,,
883,"T.A. Cook Consultants, Inc.","9212 Falls of Neuse Road Suite 201 Raleigh, NC 27615",919-510-8142,,,
884,Technekes LLC,"1927 S Tryon suite 310 Charlotte, NC 28203",704-927-8757,704-342-2975 fax,,
885,Trinity Road LLC,"P. O. Box 7445 Charlotte, NC 28241",704-940-2240,704-940-2249 fax,,
886,Wake Forest University Baptist Medical Center,"Medical Center Blvd. Winston Salem, NC 27157-0001",336-716-4665,,,
887,Midwest TeleServices International,"112 W. Main St. PO Box 430 Mohall, ND 58761 0000",800-356-7762,701-756-6470 fax,"...MTI is a premier outsource provider of inbound and outbound contact center solutions. For more than 22 years, MTI...",http://www.mtind.com
888,ACME TOOLS,"1603 12th Ave N Grand Forks, ND 58203-2304",701-746-2881,,,
889,Flint Communications,"101 N 10th St Ste. 300 Fargo, ND 58102",701-237-4850,701-241-9680 fax,,
890,ACTON International,"5760 Cornhusker Hwy Suite 1 Lincoln, NE 68507-3121",402-742-2820,402-470-3965 fax,"...ACTON, founded in 1968, specializes in international data including list acquisition, address standardization, production services and international mailing services. ACTON...",http://www.acton.com
891,Affinitas Marketing Solutions,"1015 North 98th Street Suite 100 Omaha, NE 68114-2357",402-505-5041,402-505-5043 fax,"...Affinitas is an integrated direct marketing and customer care solutions agency. We help companies acquire, retain, and cultivate customer...",http://www.affinitas.net
892,Infogroup,"1020 E. 1st Street Papillion, NE 68046",402-593-4500,,"...Infogroup helps companies increase sales and customer loyalty through our high-value data, market intelligence and innovative digital solutions. Our comprehensive...",http://www.infogroup.com
893,TransFirst ePayment Services,"13220 Birch Drive Suite 110 Omaha, NE 68164",800-571-6199,402-399-8333 fax,"...TransFirst has been a leading provider of merchant account establishment and complete credit card, electronic check, and ACH payment processing...",http://www.transfirst.com
894,Arbor Day Foundation,"211 N 12th St Ste 501 Lincoln, NE 68508-1411",402-474-5655 x288,,,
895,Boys Town,"234 Monsky Dr Boys Town, NE 68010-",402-498-1934,,,
896,"CAS, Inc.","10303 Crown Point Ave. Omaha, NE 68134-1061",402-964-9998,402-963-2103 fax,,
897,Cole Information Services,"3401 NW 39th St Ste C Lincoln, NE 68524-2200",800-403-5894,,,
898,Compass Marketing Solutions,"13520 Discovery Drive Suite 220 Omaha, NE 68137",402-502-3206,402-438-3439 fax,,
899,"Compass Marketing Solutions, LLC","808 P Street Suite 300 Lincoln, NE 68508",402-438-3222,4024383439 fax,,
900,Direct Response,"4347 South 90th Street Omaha, NE 68127",402-339-9900,402-339-0981 fax,,
901,"Direct Tech, Inc.","13259 Millard Avenue Suite 306 Omaha, NE 68137",402-895-2100,,,
902,First Direct,"1508 J F Kennedy Dr Ste 103 Bellevue, NE 68005-6611",402-403-0000,402-403-0001 fax,,
903,First National Bank of Omaha,"1620 Dodge Street Omaha, NE 68197-0003",402-341-0500,,,
904,LDMI,"13936 Gold Circle Omaha, NE 68144",402-334-9446,402-334-9622 fax,,
905,Omaha Print,"4700 F Street Omaha, NE 68117-1405",402-734-4400,402-734-7492 fax,,
906,"Oriental Trading Company, Inc.","5455 S 90th St Omaha, NE 68127-3501",402-596-1200,,,
907,"Redfield & Co., Inc.","1901 Howard St. Omaha, NE 68102-2512",402-341-0364,402-341-2318 fax,,
908,Speedway,"P. O. Box 81906 Lincoln, NE 68501-1906",402-323-3100,,,
909,UAA Clearinghouse,"9366 G Ct Omaha, NE 68127-1229",402-991-2810,402-991-2816 fax,,
910,Choice Media,"15 Danbury Circle Amherst, NH 03031-2016",603-672-3338,603-249-9732 fax,...Specializing in Insert Media and Print MediaChoice Media offers 20+ years of experience in insert media program management and insert...,http://thedirectmarketingsearch.com/company.php?id
911,Concord Litho,"92 Old Turnpike Road Concord, NH 03301",603-225-3328,603-225-6120 fax,"...Concord Litho is one of the country's top independent printing companies, run by an experienced, responsive team of people who...",http://www.concordlitho.com
912,"NextMark, Inc.","2 Buck Road Suite 8 Hanover, NH 03755-2715",603-643-1307,603-647-1652 fax,"...NextMark indexes more than 100,000 consumer and business mailing lists and addressable media programs from industry leaders including: Infogroup, Experian,...",http://www.nextmark.com
913,PEP Direct,"19 Stoney Brook Drive Wilton, NH 03086-0900",603-654-6141 EXT 3725,,...People Engaging People is what PEP Direct is all about. We engage with our clients and embrace their missions to...,http://www.pep-direct.com
914,Polaris Direct,"300 Technology Dr Hooksett, NH 03106-2520",603-626-5800,603-626-5031 fax,...Polaris Direct is a full-service print management and lettershop company specializing in high volume direct mailings for Fortune 500 companies...,http://www.polarisdirect.net
915,Blackbaud,"195 McGregor St., #410 Manchester, NH 03102",800-443-9441,603-622-5192 fax,,
916,Dartmouth-Hitchcock,"One Medical Center Drive Hinman Box 7070 Lebanon, NH 03756-0001",603-653-0700,,,
917,Metrica Group,"26 Greggs Way 2nd Floor, Suite # 9 Tamworth, NH 03886",603-263-4393,,,
918,Rapid Insight Inc.,"53 Technology Lane Suite 112 Conway, NH 03818",888-585-6511,603-447-9947 fax,,
919,Choice Media,"15 Danbury Circle Amherst, NH 03031-2016",603-672-3338,603-249-9732 fax,,http://thedirectmarketingsearch.com/comp
920,Concord Litho,"92 Old Turnpike Road Concord, NH 03301",603-225-3328,603-225-6120 fax,,http://www.concordlitho.com
921,"NextMark, Inc.","2 Buck Road Suite 8 Hanover, NH 03755-2715",603-643-1307,603-647-1652 fax,,http://www.nextmark.com
922,PEP Direct,"19 Stoney Brook Drive Wilton, NH 03086-0900",603-654-6141 EXT 3725,,,http://www.pep-direct.com
923,Polaris Direct,"300 Technology Dr Hooksett, NH 03106-2520",603-626-5800,603-626-5031 fax,,http://www.polarisdirect.net
924,"ALC, Inc.","4300 US Highway 1 CN 5219 Princeton, NJ 08543",609-580-2800,609-580-2888 fax,...A new name. A new address. A new chapter. Cause? Or effect? Action? Or reaction? Every step a...,http://www.alc.com
925,Commerce Register Inc,"190 Godwin Ave Midland Park, NJ 07432-1841",201-445-3000,201-445-5806 fax,...Commerce Register Incorporated (CRI) is a data processing service bureau specializing in providing both standard and custom solutions to the...,http://www.comreg.com
926,D2: Direct,"54 Cedar Lake West Bldg#2 Denville, NJ 07834-1704",973-627-4410 EXT 201,973-627-3703 fax,"...D2: Direct, a direct response advertising agency, is constantly building on the measurable success we've had over the last 20...",http://www.d2direct.com
927,DataBridge Marketing Systems Corporation,"304 Fern Street Township of Washington, NJ 07676",201-664-3883,501-635-4030 fax,"...Full Data Processing and Database Marketing Services with a highly experienced team of technology/marketing professionals at your service! At DataBridge, Merge/Purge...",http://www.Data-Bridge.org
928,DialAmerica,"960 Macarthur Blvd. Mahwah, NJ 07495-0094",800-913-3331,201-327-4875 fax,"...DialAmerica has been in the telemarketing business since 1957, longer than any other telemarketer in business today. We provide...",http://www.dialamerica.com/corporate/l_dma.htm
929,Donna Baier Stein,"211 Dryden Road Bernardsville, NJ 07924",908-432-2149,908-842-0333 fax,...Internationally-known copywriter who has helped client organizations make millions of dollars. You can get revenue-generating copy from scratch or...,http://www.writesontarget.com
930,Eclipse Marketing Services,"490 Headquarters Plaza North Tower, 10th Floor Morristown, NJ 07960",973-695-0305,973-695-0209 fax,...Eclipse Marketing Services provides creative direct marketing solutions for the cable TV and entertainment industrieswith exceptional service. WE KNOW...,http://WWW.eclipsemarketingservices.com
931,Ethnic Technologies LLC,"600 Huyler St # 6 South Hackensack, NJ 07606-1734",201-440-8900,201-440-2168 fax,"...The EthniCenter® is the result of over 30 years of continuous ethnic, religious and language preference research that enables you...",http://www.ethnictechnologies.com
932,"iMarketing LTD, Inc.","20 Nassau Street Suite 250E Princeton, NJ 08542-4509",609-921-0400,609-921-0491 fax,"...iMarketing's services are anchored in a deep and thorough understanding of your business, your industry, and the competitive space you...",http://www.imarketingltd.com
933,iPacesetters,"135 Chestnut Ridge Road Montvale, NJ 07645",201-391-1500 ext 541,,"...iPacesetters is a leading provider of audience and customer engagement solutions to blue-chip media, publishing and cable telecommunications companies. Our...",http://www.ipacesetters.com
934,"List Service Direct, Inc.","2 Christie Heights St. Leonia, NJ 07605",201-585-1447,201-585-1732 fax,"...List Service Direct, Inc. is a full range list services firm, providing accurate data for all your clients needs. ...",http://www.listservicedirect.com
935,"Marketsmith, Inc.","14 Walsh Drive Parsippany, NJ 07054",973-889-0006,973-889-5429 fax,"...Marketsmith is a Chief Revenue Driver delivering improved measurable returns on investment across all marketing touchpoints DRTV, email, paid...",http://www.marketsmithinc.com
936,ORC International,"902 Carnegie Center Suite 220 Princeton, NJ 08540-6530",212-645-4500,212-645-7681 fax,"...ORC International is a leading global research firm with offices across the U.S., Europe and Asia Pacific. We offer a...",http://www.orcinternational.com
937,The Hibbert Group,"400 Pennington Ave. PO Box 8116 Trenton, NJ 08650-0116",609-394-7500,609-396-7842 fax,...The Hibbert Group is a comprehensive marketing services firm employing advanced technological solutions to meet the needs of our clients....,http://www.hibbertgroup.com
938,"(C) Systems, LLC","510 Thornall Street, Ste 310 Edison, NJ 08837-2207",732-548-6100,732-548-3883 fax,,
939,A&E Promotions LLC,"153rd 1st Ave Atlantic Highlands, NJ 07716-1238",732-275-1520,732-275-1147 fax,,
940,Ac Pedreiro,"15 Diane Dr Morganville, NJ 07751-1370",732-598-6766,,,
941,ADP Business Solutions,"1 ADP Blvd Roseland, NJ 07068",973-974-5000,,,
942,Applied Info Group,"100 Market Street Kenilworth, NJ 07033-1722",908-241-7007,908-241-7088 fax,,
943,Beacon Marketing Group,"707 White Horse Pike Ste. B2 Absecon, NJ 08205",609-677-1776,609-677-1777 fax,,
944,Borelli Direct Marketing Inc.,"3530 State Route 27 Suite 207 Kendall Park, NJ 08824",732-940-1500,732-940-1501 fax,,
945,"Business Development Solutions, Inc.","139 Gaither Dr. Ste. H Mount Laurel, NJ 08054-1713",856-787-1500,856-787-1510 fax,,
946,Conrad Direct Inc,"300 Knickerbocker Rd # 3100 Cresskill, NJ 07626-1346",201-567-3200,201-567-1530 fax,,
947,Consumer Marketing Directives,"140 Prospect Avenue Suite 3-C Hackensack, NJ 07601",201-394-8843,,,
948,"Cornwell Data Services, Inc","352 Evelyn Street Paramus, NJ 07652",201-261-1050,201-261-7569 fax,,
949,Createch Marketing,"180 Summit Avenue Suite 203 Montvale, NJ 07645-1722",201-326-3000,201-326-0299 fax,,
950,CUnet,"461 From Rd Suite 200 Paramus, NJ 07652",201-477-7793,,,
951,D & B,"3 Sylvan Way Parsippany, NJ 07054-3821",973-921-5500,,,
952,"Data Direct Solutions, Inc.","225 Division Avenue Hasbrouck Heights, NJ 07604",201-203-3083,,,
953,Dataline,"5 Vaughn Drive Suite 307 Princeton, NJ 08540",609-452-6014,609-951-0025 fax,,
954,Dentino Marketing,"239 Washington St. 3rd Fl. Jersey City, NJ 07302-3828",609-454-3202,201-332-4262 fax,,
955,Direct Link,"700 Dowd Avenue Elizabeth, NJ 07201",908-289-0703,908-289-0705 fax,,
956,"Direct Mail Depot, Inc.","200 Circle Dr. N. Piscataway, NJ 08854-3705",732-469-5900 EXT 205,732-469-8414 fax,,
957,Discovery Company,"12 Christopher Way Suite 202 Eatontown, NJ 07724",732-933-1899,732-530-6797 fax,,
958,Dow Jones & Company,"PO Box 300 Princeton, NJ 08543-0300",609-520-4000,,,
959,ds&a consulting,"21 foote Ln morris plains, NJ 07950-3307",973-530-4198,973-530-4199 fax,,
960,EasyLink Svc Corp,"33 Knightsbridge Rd Piscataway, NJ 08854-3925",732-652-3500,732-652-3810 fax,,
961,Education Dynamics,"5 Marine View Plz Hoboken, NJ 07030-5756",201-377-3000,201-377-3091 fax,,
962,Educational Testing Service,"666 Rosedale Road M/S 40-L Princeton, NJ 08541-0001",609-683-2292,,,
963,ELJ Marketing,"706 Heights Ln Tenafly, NJ 07670",201-788-9862,,,
964,EXL,"10 Exchange Pl Jersey City, NJ 07302-3918",201-748-4729,,,
965,Focus USA,"1 University Plaza Ste. 300 Hackensack, NJ 07601",201-489-2525,201-489-4499 fax,,
966,Fractal Analytics Inc,"Plaza 5 Harborside Financial Cntr, 2500 Jersey City, NJ 07311",201-633-8728,201-484-7201 fax,,
967,Functional Health Concepts,"180 Forest Rd Glen Rock, NJ 07452",917-576-0564,,,
968,Global DM Solutions,"416 Main Street Boonton, NJ 07005",973-402-2205 EXT 115,973-402-2305 fax,,
969,Grayhair Software,"124 Gaither Drive, Suite 160 Mt. Laurel, NJ 08054",856-727-9372,856-727-1315 fax,,
970,"Hanover Direct, Inc.","1500 Harbor Blvd Weehawken, NJ 07086-6768",201-863-7300,,,
971,Hatteras Press Inc,"2260 Landmark Pl Manasquan, NJ 08736-1025",732-223-9888,,,
972,Healthfest,"100 Nixon Ln Edison, NJ 08837-3804",732-225-0100,,,
973,Hospitaller Brothers of St. John of God,"1145 Delsea Dr Development Office - Bldg. C Westville, NJ 08093-2252",856-845-7030,,,
974,"Information Refinery, Inc.","200 Route 17 Suite 5 Mahwah, NJ 07430",201-529-2600,201-529-4030 fax,,
975,Institute of Management Accountants,"10 Paragon Dr Montvale, NJ 07645-1759",201-573-9000,,,
976,Judith Kennerk,"11 Scott Avenue Princeton Junction, NJ 08550",609-240-2876,,,
977,Kroll Direct Marketing,"101 Morgan Lane Suite 120 Plainsboro, NJ 08536-3345",609-275-2900,609-275-6606 fax,,
978,LargieDM,"500 Broad Street Riverton, NJ 08077",609-744-0099,,,
979,LS Advertising,"10 Industrial Ave Ste. 5 Mahwah, NJ 07430-2284",845-357-1238,845-357-1238 fax,,
980,MDE Marketing,"55 Lehman St Mahwah, NJ 07430-3050",201-891-7010,,,
981,"MedAvante, Inc.","100 American Metro Blvd Suite 106 Hamilton, NJ  08619",609-528-9400,609-528-9405 fax,,
982,"Media Directions, Inc.","50 Tice Blvd. Woodcliff Lake, NJ 07677-7654",201-930-4949,201-930-2929 fax,,
983,Monmouth University,"400 Cedar Ave West Long Branch, NJ 07764",732-923-4695,,,
984,Multiple Sclerosis Association of America,"706 Haddonfield Rd Cherry Hill, NJ 08002-2652",856-488-4500,,,
985,Myron Corp.,"205 Maywood Ave. Maywood, NJ 07607-1000",201-843-6464,,,
986,Net 60 LLC,"1420 Queen Anne Road Suite #7 Teaneck, NJ 07666-3509",201-833-9003,201-336-9088 fax,,
987,New York Daily News,"125 Theodore Conrad Dr Jersey City, NJ 07305-4615",212-681-3456,,,
988,Nok Brands,"50 Forest Ave Glen Ridge, NJ 07028-2412",973-632-7630,,,
989,OSG Billing Services,"100 West Forest Avenue Englewood, NJ 07631",201-871-1100,201-221-8653 fax,,
990,Profile America List Co. Inc.,"455 Sylvan Avenue Englewood Cliffs, NJ 07632-2703",201-569-7272,201-569-5552 fax,,
991,Prudent Publishing Company,"65 Challenger Rd. Ridgefield Park, NJ 07660-2111",201-641-7900,,,
992,Prudential Financial,"751 Broad St Newark, NJ 07102-3714",973-802-2195,,,
993,"Raritan Americas, Inc.","400 Cottontail Lane Somerset, NJ 08873",732-764-8886,732-764-8887 fax,,
994,Red Pill Email,"PO Box 208 Montvale, NJ 07645",201-855-6245,,,
995,RPM Direct (New Jersey),"24 Arnett Avenue, Suite 100 Lambertville, NJ 08530-1500",609-566-7150,609-566-7155 fax,,
996,Saveology.com,"901 Hadley Rd South Plainfield, NJ 07080-2424",866-755-9008,,,
997,Specialists Marketing Svc,"777 Terrace Ave Suite 401 Hasbrouck Heights, NJ 07604",201-865-5800,201-288-4295 fax,,
998,Suburban Propane,"240 Route 10 West P.O. Box 206 Whippany, NJ 07981-0206",973-503-9146,,,
999,SureWay Marketing Services,"338 Wall St Princeton, NJ 08540-1518",609-430-4333,609-430-4330 fax,,
1000,Swiss Post International,"17B South Middlesex Avenue Monroe, NJ 08831",609-840-6461,,,
1001,Symrise,"300 North St Teterboro, NJ 07608-1204",201-462-2389,,,
1002,"The Fidelis Group, Inc.","223 Gates Road Unit A Little Ferry, NJ 07643",201-641-4701,201-641-4708 fax,,
1003,The Magna Group,"17-17 Route 208 North Fair Lawn, NJ 07410",201-652-8600,,,
1004,Theorem Inc.,"383 Main Street, Suite 101 Chatham, NJ 07928",973-665-1700,,,
1005,Thinkalytics,"440 Millburn Avenue Millburn, NJ 07041",973-671-1590,,,
1006,Treecycler,"77 E. Halsey Rd Parsippany, NJ 07054",917-450-3011,,,
1007,Trinity Direct,"10 Park Place Suite 5 Butler, NJ 07405-1371",973-283-3600,973-283-3606 fax,,
1008,United Retail Incorporated,"365 West Passaic Stee Rochelle Park, NJ 07662-3017",201-909-2219,,,
1009,United States Golf Association,"77 Liberty Corner Rd Far Hills, NJ 07931-2570",908-234-2300,,,
1010,V12 Group,"141 West Front Street Suite 410 Red Bank, NJ 07701",732-842-1001,732-842-5999 fax,,
1011,"Vision Marketing, Inc","429 Sylvan Ave. Englewood Cliffs, NJ 07632-2703",201-816-1560,201-816-1610 fax,,
1012,Wedgewood Pharmacy,"405 Heron Dr Ste 200 Swedesboro, NJ 08085-1749",856-832-1303,,,
1013,Weichert Co.,"1625 State Route 10 Morris Plains, NJ 07950-2905",973-397-8516,,,
1014,Wyndham Hotel Group,"1 Sylvan Way Parsippany, NJ 07054",973-753-6575,214-863-2769 fax,,
1015,Xypress LLC,"1200 US 22 East Suite 2000 2nd Bridgewater, NJ 08807",908-319-8600,,,
1016,"ClingZ, Inc.","541 Laser Rd. NE Rio Rancho, NM 87124",614-933-8722,614-933-8722 fax,"...ClingZ® is a patented electrically charged printable plastic film. It is the only printable media that clings to most clean,...",http://www.clingz.com
1017,Deborah Hoffman Copywriting,"306 Sagebrush Drive Corrales, NM 87048",505-440-8725,,,
1018,Santa Fe Natural Tobacco Company,"P. O. Box 25140 Santa Fe, NM 87504-5140",505-982-4257,,,
1019,"ClingZ, Inc.","541 Laser Rd. NE Rio Rancho, NM 87124",614-933-8722,614-933-8722 fax,,http://www.clingz.com
1020,Western Mailing,"530 East Pamalyn Ave Ste C Las Vegas, NV 89119",702-896-7363,702-896 -8972 fax,"...About Us With diverse experience in various types of direct mail marketing campaigns, we are able to partner with our clients to...",http://www.westernmailing.com/
1021,"Collins List Exchange, Inc.","2312 N. Greenvalley Pkwy. #2922 Henderson, NV 89014-3118",702-369-6015,702-920-8115 fax,,
1022,Creel Printing Company,"6330 West Sunset Road Las Vegas, NV 89118",702-735-8161,702-735-3072 fax,,
1023,Employers Insurance Company,"2550 Paseo Verde Parkway Ste. 100 Henderson, NV 89074",702-837-3101,702-671-7856 fax,,
1024,Firebrand Group,"7251 Wst Lake Mead Blvd, Suite 300 Las Vegas, NV 89128",877-776-4771,,,
1025,"Grassroots Campaign Creations, Ltd.","375 North Stephanie Street Suite 1411 Henderson, NV 89014",949-240-3000,202-280-1051 fax,,
1026,"Grassroots Campaign Creations, Ltd., a Nevada Corporation","375 North Stephanie Street Suite 1411 Henderson, NV 89014",800-362-2723,,,
1027,LeadFerret Inc.,"2961 Industrial Rd. #221 Las Vegas, NV 89109",818-392-4303,,,
1028,LivOn Labs,"2534 Anthem Village Drive #100 Henderson, NV 89052",702-255-0265,,,
1029,Price Target Media,"2513 Merrit Drive Carson City, NV 89701",775-434-4451,,,
1030,"Red Rock Marketing Group, LLC","1930 Village Center Circle Suite 3-516 Las Vegas, NV 89134-6092",702-944-9604,702-463-9467 fax,,
1031,Rio Las Vegas,"3700 W. Flamingo Blvd. Las Vegas, NV 89103",702-407-6000,,,
1032,SilverState Marketing Solutions,"3585 East Patrick Lane #200 Las Vegas, NV 89120",702-489-2124,,,
1033,VastCast Media,"8360 W Sahara Ave Ste 240 Las Vegas, NV 89117-8945",702-221-8261,,,
1034,Vitamin Research Products,"4610 Arrowhead Dr Carson City, NV 89706-2017",775-884-8205,,,
1035,"Adrea Rubin Marketing, Inc.","19 West 44th St Suite 1415 New York, NY 10036",212-983-0020,212-983-1057 fax,...Adrea Rubin Marketing is a 20+-year customer insight agency that specializes in audience identification utilizing online and offline marketing/data strategies...,http://www.adrearubin.com
1036,"AIA New Dimensions in Mktg., Inc.","124 S. Central Avenue Elmsford, NY 10523",914-347-4872,,"...Promotional products, advertising specialties and business gifts. Shop our mall of products that can be imprinted with your company name...",http://www.effectivepromos.com
1037,"alert Marketing, Inc., A JMI Company","100 Avenue Of The Americas New York, NY 10013-1689",630-790-0386,1 630- 790-0388 fax,...Provides the best media for delivery of Health Care Information & Education to Professionals and Consumers M.D./alert - target physicians...,http://www.alertmarketing.com
1038,Alliant,"301 Fields Lane Brewster, NY 10509-2621",845-276-2600 EXT 217,845-276-2605 fax,...Alliant delivers predictive consumer segmentation solutions that dramatically increase profitability in direct and interactive marketing campaigns. Alliant adds value with...,http://www.alliantdata.com
1039,Alloy Media + Marketing,"151 West 26th Street 9th Floor New York, NY 10001-6810",212-401-0066,312-429-3342 fax,"...As the leader in youth marketing, Alloy Media + Marketing connects your brand to consumers with unique insights, high mass...",http://www.alloydirectmarketing.com
1040,American Student List,"2 Dubon Court Farmingdale, NY 11735",516-248-6100,516-248-6364 fax,...American Student List has been the leading provider of quality youth marketing lists for more than 35 years. Over 100...,http://www.studentlist.com
1041,"Analytic Recruiting, Inc.","144 E 44th 3rd Fl. New York, NY 10017-6221",212-545-8511,212-545-8520 fax,...Analytic Recruiting has been in business since 1980. We specialize in recruitment of database marketing professionals. The experienced recruiters for...,http://www.analyticrecruiting.com
1042,"Anchor Computer, Inc.","1900 New Hwy. Farmingdale, NY 11735-1509",631-293-6100,631-293-0891 fax,"...Anchor Computer Inc provides data processing services to direct marketing professionals in a variety of industries including: Direct Marketing, Retail,...",http://www.anchorcomputer.com
1043,"Avalanche Creative Services, Inc.","135 W 29th St Suite 302 New York, NY 10001-5187",212-206-9335,212-206-1538 fax,"...Avalanche doesn't do traditional ""yell and sell"" direct response television. We ve brought selling to a new creative level. We...",http://www.avalanchecreative.tv
1044,BannerDirect,"222 West 83rd St Ste 7G New York, NY 10024",212-737-0700,646-454-1124 fax,"...EXPERIENCE. EXPERTISE. RESULTS.BannerDirect is a full-service, direct response marketing agency with a rich history of proven results and an unwavering...",http://www.bannerdirect.com
1045,BCC Solutions @ Bell and Howell,"75 Josons Dr. Rochester, NY 14623-3438",800-453-3130,585-272-9222 fax,...BCC Solutions @ Bell and Howell is a leading provider of mailing and address database solutions and services. BCC Mail...,http://www.bccsoftware.com
1046,Carl Bloom Associates,"81 Main St Suite 126 White Plains, NY 10601-1719",914-761-2800,914-761-2744 fax,...Call on the experts! Carl Bloom Associates can power up your fundraising program with our proven strategies and techniques. We...,http://www.carlbloom.com
1047,Catalyst,"110 Marina Dr Rochester, NY 14626-5104",585-453-8300,585-453-8360 fax,"...Catalyst is a direct and digital marketing agency that helps clients acquire, retain and develop long-term relationships with their customers....",http://www.catalystinc.com
1048,Concept Media Partners,"307 1992 Commerce St Yorktown Heights, NY 10598",914-767-0032,914-514-1711 fax,...About UsConcept Media Partners Incorporated is a full service multichannel direct mail marketing agency providing media buying services for our...,http://www.Conceptmediapartners.Com
1049,"Crandall Associates, Inc.","6 Litchfield Road, Suite 316 Port Washington, NY 11050",516-767-6800 EXT 206,,"...Executive Recruitment Services Founded in 1973, Crandall Associates, Inc. was the first executive recruitment firm to recognize the emergence of direct...",http://www.crandallassociates.com
1050,Creative Solutions NY LLC,"240 Berkeley PL., #3 Brooklyn, NY 11217-3802",718-636-7690,,"...We start with innovative thinking. Add smart messaging. Then team with proven direct-response techniques. The result? Powerful emails, ads, web...",http://www.creativesolutionsnyllc.com
1051,Cross Country Computer,"570 S. Research Place Central Islip, NY 11722",631-231-4234,631-231-0516 fax,...Cross Country Computer has been servicing all aspects of the direct marketing industry for over 35 years with affordable value...,http://www.crosscountrycomputer.com
1052,"d'exposito & Partners","875 Avenue Of The Americas 25th Floor New York, NY 10001-3507",646-747-8800,212-273-0778 fax,"...About Us d expsito & Partners is an integrated, full-service communications agency with a fresh business model designed to help clients...",http://www.dexpositoandpartners.com
1053,Daniel Gonzalez & Associates,"939 8th Ave. Ste. 300 New York, NY 10019-4205",212-682-0333,212-682-9833 fax,"...Since 1989, Dan Gonzalez has been a direct marketing and publishing consultant specializing in Hispanic direct marketing, providing strategic, creative...",http://thedirectmarketingsearch.com/company.php?id
1054,Drake Direct,"225 East 46th Street Penthouse D New York, NY 10017",212-759-1225,212-759-9756 fax,"...Drake Direct is a database marketing consulting firm specializing in response and risk modeling, customer file segmentation, campaign management, customer...",http://www.drakedirect.com
1055,DSS (DSS Packaging),"28 E. Main St. Suite 1525 Rochester, NY 14614",585-325-3610,716-924-8753 fax,...Premier is a manufacturer of all styles of custom printed or plain folding cartons and photo mailers. Premier Packaging Corporation is...,http://www.dsssecure.com/packaging
1056,Emailvision,"545 5th Avenue Suite 1000 New York, NY 10017",212-257-6018,646-783-7982 fax,"...Emailvision is the international leader in software as a service (SaaS) for email, mobile and social media marketing. The Emailvision...",http://www.emailvision.com
1057,Ernan Roman Direct Marketing Corporation,"3 Melrose Lane Douglas Manor, NY 11363-1220",718-225-4151,718-225-4889 fax,...Ernan Roman was recently inducted into the Marketing Hall of Fame. We help companies...,http://www.erdm.com
1058,Evidon,"28 West 44th Street Suite 800 New York, NY 10036",917-262-2530,,...Evidon is the world’s first and largest dedicated provider of privacy and compliance solutions for digital media. The company provides...,http://www.evidon.com
1059,FlarePath LLC,"200 Cabrini Blvd. #119 New York, NY 10033",212-927-1296,212-927-1561 fax,"...FlarePath, LLC is a direct marketing consulting firm specializing in Customer acquisition, loyalty and multi-channel marketing. The principals have...",http://www.flarepathllc.com
1060,Insight Out of Chaos,"220 E. 23rd St. Ste. 600 New York, NY 10010-4658",212-935-0044,646-742-1245 fax,"...Loyalty Marketing and Customer Relationship Management are an overnight sensation, after 20 years! Why?As technology continues to fragment communications, marketing...",http://www.iooc.com
1061,"JF Direct Marketing, Inc.","73 Croton Avenue Suite 106 Ossining, NY 10562-4973",914-762-8633,914-762-9279 fax,"...A “Leader” in unique and specialized mailing lists, JF Direct Marketing, manages over 50 Direct Response Mailing Lists like “Manta...",http://www.jfdirectmarketing.com
1062,KYP,"380 Lexington Avenue 17th Floor New York, NY 10168-1799",212-551-7878,917-591-1514 fax,...Kyp is an award-winning engagement marketing shop that develops unique solutions using products and services designed to physically engage consumers...,http://www.kyp.com
1063,Lake Group Media,"411 Theodore Fremd Ave # 201 Rye, NY 10580-1411",914-925-2400,914-925-2499 fax,"...Lake Group Media, Inc. is a leading media buying and media sales agency specializing in direct mail, email and online...",http://www.lakegroupmedia.com
1064,Leon Henry Inc.,"200 N. Central Ave. Ste. 220 Hartsdale, NY 10530-1940",914-285-3456,914-285-3450 fax,"...Over 50 years ago, Leon Henry conceived of the idea that is behind Insert Media. Basically, it was and is...",http://www.leonhenryinc.com
1065,Lerose Copywriting,"628 Meadowbrook Rd Uniondale, NY 11553-2620",516-486-0472,516-486-0386 fax,"...I'm best-known as a copywriter. But what I really do is help businesses sell and market their products, publications and services...",http://www.robertlerose.com
1066,LGP Gem Ltd.,"10 W. 46th St., 4A New York, NY 10036",212-840-2510,212-869-1031 fax,"...LGP GEM LTD. is one of the World's Premier suppliers of fashion jewelry and watches. Our high perceived value, low...",http://www.lgpltd.com
1067,Loeb & Loeb LLP,"345 Park Avenue New York, NY 10154",212-407-4000,310.282.2200 fax,"...Loeb & Loeb LLP is a multi-service law firm with more than 300 attorneys in five offices in the US,...",http://www.loeb.com/advancedmediaandtechnologyprac
1068,"Macromark, Inc.","185 Route 312 Ste. 303 Brewster, NY 10509-2338",845-230-6300,845-278-0650 fax,"...Macromark, Inc. is a leading, highly reputable and progressive acquisition, retention and monetization media company. Relying on a vastly experienced...",http://www.macromark.com
1069,Main Street Direct,"One Park Ave. New York, NY 10016-5802",212-779-3000,212-779-3061 fax,...Main Street Direct develops multi-channel marketing solutions that drive consumer behavior and help our clients achieve their goals. Over the...,http://www.mainstreetdirect.com
1070,Marke Communications,"45 West 45th Street New York, NY 10036",212-201-0600,212-213-0785 fax,...What began over 30 years ago continues to evolve today. Marke Communications is a full service agency and an...,http://www.marke.com
1071,MediaMath,"1440 Broadway 21st Floor New York, NY 10018",646-840-4200,,...The Mad Men of the 1960s helped define the way business has been done in our industry for the last...,http://www.mediamath.com
1072,MeritDirect,"333 Westchester Avenue White Plains, NY 10604-2910",914-368-1000,914-368-1150 fax,"...In the highly competitive world of direct marketing services, MeritDirect is a respected leader and a trusted advisor to world...",http://www.meritdirect.com
1073,Moritt Hock & Hamroff LLP,"400 Garden City Plaza Garden City, NY 11530",516-880-7233,,"...Although our firm provides representation in a wide variety of disciplines, we are unique in our culture of resisting rigid...",http://www.moritthock.com
1074,Nettingsolutions,"600 3rd Avenue Suite #217 New York, NY 11016",718-797-3501,646-571-2301 fax,"...Nettingsolutions is a team-driven multinational company with over 10 years of experience, focused on providing solutions for training and marketing...",http://www.nettingsolutions.com
1075,North American Communications,"20 Maple Avenue Armonk, NY 10504",914-273-8620,914-273-3135 fax,"...North American Communications (NAC) is the nation’s largest vertically integrated direct mail & fulfillment company. With regionalized production locations,...",http://www.nacmail.com
1076,Novus Direct (formerly Singer Direct),"195 Broadway 19th Floor New York, NY 10007",212-209-1900,,"...Novus Direct offers comprehensive and integrated multichannel campaign solutions through packaged inserts, direct mail campaigns, revenue enhancement programs and performance-based...",http://www.novusdirect.com
1077,o2kl,"3 West 18th Street 4th Floor New York, NY 10011",646-839-6236,646 839 6254 fax,...Our services cover the entire range of communications that a full service agency -- or a separate specialty agencies -...,http://www.o2kl.com
1078,RAPP,"437 Madison Ave. 4th Fl. New York, NY 10022-7001",212-817-6800,212-590-8603 fax,"...what we do: We create unavoidable experiences that change how people think, act, feel and talk about brands. While others...",http://www.rapp.com
1079,"Return Path, Inc.","304 Park Ave South Seventh Floor New York, NY 10010-4311",212-905-5500,212-905-5501 fax,"...A good reputation: your key to the inbox.As an email sender, your reputation is your most important asset. ...",http://www.returnpath.net
1080,"Sandy Goldshein Associates, Inc.","38 West 21 St 8th Floor New York, NY 10010",212-366-5105,,"...SGA (Sandy Goldshein Associates) was formed in November 1995, and since then we’ve been offering creative, marketing support, preproduction and...",http://www.sgany.com
1081,Sigma Marketing Group,"1850 Winton Road South Rochester, NY 14618-3923",585-473-7300,585-473-4484 fax,"...At SIGMA we help clients build better relationships with their customers online and offline, through both digital and traditional direct...",http://www.sigmamarketing.com
1082,SKM Group,"6350 Transit Rd. Depew, NY 14043-1031",716-989-3200,716-989-3220 fax,...SKM Group is a full service advertising and marketing agency that got its start in direct marketing. With direct...,http://www.skmgroup.com
1083,"Spectra Products, LLC","1364 Reynolds Road Johnson City, NY 13790",607-584-0700,607-798-7771 fax,"...Spectra has specialized in alternative media for over thirty years! We have helped a myriad of organizations with customer acquisition,...",http://www.spectraproducts.com
1084,SPIRE Printing & Packaging LLC.,"501 5th Avenue Suite 800 New York, NY 10017",212-661-1157,,"...SPIRE Printing & Packaging LLC - Helping clients build brand awareness and grow revenue through effective packaging, compelling brochures, high...",http://www.spireprintingandpackaging.com
1085,"Stanton Direct Marketing, Inc.","315 West Water Street Elmira, NY 14901",607-734-1665,607-734-3708 fax,"...Stanton Direct Marketing concentrates exclusively on Insert Media Brokerage and Management. This focus, from an experienced staff, ensures that our...",http://www.stantondirect.com
1086,Student Marketing Group,"777 Sunrise Hwy. Ste. 300 Lynbrook, NY 11563-2950",516-593-8877,516-593-4705 fax,"...With over 30 million households in the youth market, this dynamic audience evolves and changes every year. Student Marketing Group,...",http://www.studentmarketing.net
1087,"TeamNash, Inc.","4 Jonathan Drive East Hampton, NY 11937",631-267-3385,,"...TeamNash specializes in applications of proven but often over-looked direct marketing methods to modern packaged goods, financial services, real estate...",http://www.teamnash.com
1088,"Teikoku Databank America, Inc.","780 Third Avenue 22nd Floor New York, NY 10017-2803",212-421-9805,212-421-9806 fax,"...The Japanese market has become increasingly global in the past decade. However, the information that foreign companies can obtain on...",http://www.teikoku.com
1089,The Direct Marketing Association,"1120 Avenue of The Americas New York, NY 10036-6713",212-790-1563,,...The Direct Marketing Association is the leading global trade association of business and nonprofit organizations using and supporting direct marketing...,http://www.the-dma.org
1090,TowerData,"379 Park Ave S FL 5 New York, NY 10016",866-377-3630,646-365-3060 fax,"...TowerData provides technology-driven direct marketing solutions that can quickly and cost-effectively validate, correct, and append every point of contact you...",http://www.towerdata.com
1091,Tri-State Envelope Corp.,"One West 34th Street Suite 704 New York, NY 10001",212-736-3110,212-564-5162 fax,...Tri-State Envelope Corporation was established in 1966. We are a service-oriented multi location company dedicated to the...,http://www.tristateenvelope.com
1092,U.S. Monitor,"86 Maple Ave. New City, NY 10956-5019",845-634-1331,845-634-9618 fax,"...U.S. Monitor's mail monitoring and list protection service answers these important questions: Is your mail delivered? How long does...",http://www.usmonitor.com
1093,Unit 7,"30 Irving Pl. 11th Fl. New York, NY 10003-2303",212-209-1600,212-209-1800 fax,...Trust Relationship Management™ (TRM™) is the necessary evolution of CRM.TRM™ goes beyond a brands personality to engage consumers at the...,http://www.unit7.com
1094,Valpak New York,"875 Avenue of the Americas New York, NY 10001",212.560.9400,212-560-9470 fax,...THE BEST WAY to reach your TARGET AUDIENCE ...,http://www.valpaknewyork.com
1095,"Ventura Associates, Inc.","1040 Avenue of the Americas New York, NY 10018-3714",212-302-8277,212-302-2587 fax,...Ventura Associates is an award winning marketing and sales promotion agency specializing in the design and execution of online and...,http://www.sweepspros.com
1096,Wunderman,"285 Madison Ave New York, NY 10017-6401",212-941-3000,,"...Wunderman creates impactful conversations between our clients and their customers. For over 50 years, listening has been at the core...",http://www.wunderman.com
1097,Z-CARD® North America,"39 Broadway, 32nd Floor New York, NY 10006",212-797-3450,212-797-1530 fax,"...Z-CARD® is the global specialist in PocketMedia®. We believe that successful marketing is all about simple ideas, brilliantly executed, that...",http://www.zcardna.com
1098,ZenithOptimedia Direct,"299 W Houston St New York, NY 10014-4806",212-859-5236,212-727-9495 fax,...ZenithOptimedia Direct is one of the leading Direct Response media agencies in North America. ZenithOptimedia Direct is comprised of...,http://www.zodirect.com
1099,1-800-Flowers.Com,"1 Old Country Rd Ste 500 Carle Place, NY 11514-1847",516-237-6000,,,
1100,"Access Direct Systems, Inc.","91 Executive Blvd. Farmingdale, NY 11735-4710",631-420-0770,631-420-0791 fax,,
1101,ACN USA,"725 Leonard St PO Box 220384 Brooklyn, NY 11222-2350",212-334-5340,,,
1102,"ActiMail, Inc.","121 West 27th Street Suite # 303 New York, NY 10001",212-245-2272,212-245-2523 fax,,
1103,"Adriana Associates, Ltd.","2 W. 45th St. New York, NY 10036-4212",212-719-5952,,,
1104,AMA - American Management Association,"1601 Broadway New York, NY 10019-7434",212-586-8100 x8072,,,
1105,American Bible Society,"1865 Broadway New York, NY 10023-7505",212-408-1200,,,
1106,American Civil Liberties Union Fndtn.,"125 Broad St Fl 18 New York, NY 10004-2454",212-549-2600,,,
1107,American Express,"World Financial Center 200 Vesey St New York, NY 10285",212-640-2000,,,
1108,Amnesty International USA,"5 Penn Plz Fl 16 New York, NY 10001-1823",212-807-8400,,,
1109,"ANDREWS WHARTON, Inc.","150 Broadhollow Rd. Suite 84 Melville, NY 11747-4901",631-470-4546,631-470-5683 fax,,
1110,Arbor Commercial Mortgage,"333 Earle Ovington Blvd Uniondale, NY 11553-3610",516-229-6615,,,
1111,Astoria Federal Savings,"One Astoria Federal Plz. Lake Success, NY 11042",516-327-7000,,,
1112,Autism Speaks,"1 East 33rd Street 4th Floor New York, NY 10016",212-252-8584,,,
1113,Barbara Gold,"10 West 15th Apt. 1924 New York, NY 10011",917-750-4038,,,
1114,Berkery Noyes Investment Bank,"1 Liberty Plz Fl 13 New York, NY 10006-1404",212-668-3022,,,
1115,Bobley-Harmann Corporation/GiftValues,"95 Hopper St Unit 1 Westbury, NY 11590-4826",516-364-1800,,,
1116,Brian Wolfe,"418 E. 59th Street Apt # 26A New York, NY 10022",516-840-3748,,,
1117,Brilig,"220 Church Street Suite 829 New York, NY 10013",212-297-1860,,,
1118,Brooks Brothers,"346 Madison Ave. 10th Fl. New York, NY 10017-3788",212-682-8800,,,
1119,Canoe Ventures Llc,"666 3Rd Ave Fl 26 New York, NY 10017-4036",212-364-3600,,,
1120,Catholic Charities - Brooklyn & Queens,"191 Joralemon St Brooklyn, NY 11201",718-722-6000,,,
1121,Catholic Near East Welfare Association (CNEWA),"1011 First Avenue 15th Floor New York, NY 10022-4195",212-826-1480,,,
1122,Chartis,"70 Pine St, 22nd Floor New York, NY 10021",212-770-8013,,,
1123,Chief Marketer and Multichannel Merchant,"249 W 17th St New York, NY 10011-5390",212-204-4228,,,
1124,Church Pension Fund,"445 5th Ave New York, NY 10016-0133",866-802-6333,,,
1125,Citi Cards / Citicorp Credit Services,"One Court Square Long Island City, NY 11120-0001",718-248-6510,,,
1126,Clickable,"7 W 22nd Street New York, NY 10010",212-798-1476,,,
1127,Coach,"516 W 34th St New York, NY 10001-1394",212-594-1850,,,
1128,Collective • The Audience Engine,"330 Madison Ave, 4th Fl New York, NY 10017",646-380-2744,,,
1129,"Columbia University, Annual Fund Programs","622 W 113th Street MC4520 New York, NY 10025",212-851-7956,,,
1130,"Complete Mailing Lists, LLC.","66 Palmer Avenue Suite 49C Bronxville, NY 10708-3817",914-771-6640,914-771-6645 fax,,
1131,Concern Worldwide,"355 Lexington Avenue, 19th Floor New York, NY 10017",212-557-8000,,,
1132,"Conmio, Inc","30 West 26th 11th flr New York, NY 10010",917-583-2651,,,
1133,Content Delivery and Storage Association (CDSA),"39 N. Bayles Avenue Port Washington, NY 11050-2930",516-767-6720,516-883-5793 fax,,
1134,ConvergeDirect,"33 East 33rd Street, 3rd Floor New York, NY 10016",212-213-0111,212-213-9570 fax,,
1135,Cornell Lab of Ornithology,"159 Sapsucker Woods Rd Ithaca, NY 14850-1923",607-254-2157,,,
1136,Covenant House,"5 Penn Plaza New York, NY 10001",212-727-4102,,,
1137,Creative Realities,"1140 Broadway, 14th Floor New York, NY 10001",212-324-6660,,,
1138,"Crohn's & Colitis Foundation of America (CCFA)","386 Park Ave S Fl 17 New York, NY 10016-8804",212-685-3440,,,
1139,Cross Commerce Media,"130 Madison Ave. 3rd Floor New York, NY 10016",646-400-5095,212-684-5320 fax,,
1140,Cult360 LLC,"225 Varick St. Suite 305 New York, NY 10014",212-463-9300,,,
1141,Datran Media,"345 Hudson Street 5th Floor New York, NY 10014",888-494-4764,212-706-9758 fax,,
1142,David Yurman,"24 Vestry St New York, NY 10013",212-896-1550,,,
1143,"Davis & Gilbert, LLP","1740 Broadway New York, NY 10019",212-468-4800,212-468-4888 fax,,
1144,"dComm--Digital Commerce Agency, LLC","95 Morton St. Ground Floor New York, NY 10014",212-625-1700,610-918-1349 fax,,
1145,Deare2 Marketing,"27 West 20th Street New York, NY 10011",516-776-8569,,,
1146,Design Matters Inc!,"448 West 37th Street 9 New York, NY 10018-4017",212-560-0681,,,
1147,"Direct Access Marketing Services, Inc.","6851 Jericho Tpke Ste. 245 Syosset, NY 11791-4421",516-364-2777,516-364-0644 fax,,
1148,Direct Brands Inc.,"501 Franklin Ave Garden City, NY 11530-5945",516-490-4215,,,
1149,Direct Marketing Idea Exchange,"25 Edwards Lane Glen Cove, NY 11542",516-398-8420,,,
1150,DM News,"17 Battery Place Suite 1330 New York, NY 10004",212-344-0759,,,
1151,"DMRS Group, Inc.","304 Park Ave S 11th Fl. New York, NY 10010-4305",212-590-2340,212-590-2341 fax,,
1152,Doctors Without Borders,"333 7th Ave Fl 2 New York, NY 10001-5089",212-679-6800,,,
1153,DoubleVerify,"575 8th Avenue 7th Floor New York, NY 10018",212-631-2111,,,
1154,Eastman Kodak Company,"2600 Manitou Road Rochester, NY 14653",800-944-6171,,,
1155,EasyPurl.com,"1 Meadow St. Suite 202 Brooklyn, NY 11206",866-463-7671,212 202-6119 fax,,
1156,Ebm Direct Marketing Services Llc,"39 Seaview Ln Port Washington, NY 11050-1737",516-874-7839,516-883-1682 fax,,
1157,Elecom Media,"132 W 74th ST #3A New York, NY 10023",858-200-6878,,,
1158,Electric Media,"169 South Main Street PMB 311 New City, NY 10956",201-461-5252,201-461-5262 fax,,
1159,Elizabeth Hartman,"5 Azalea Dr Syosset, NY 11791-2802",516-650-8862,516-802-2698 fax,,
1160,eMarketing Strategy Group,"155 East 34th Street Suite #20-C New York, NY 10016-4718",212-679-6486,,,
1161,Empire City Casino At Yonkers Raceway,"810 Yonkers Ave Yonkers, NY 10704",914-968-4200,,,
1162,Episcopal Relief & Development,"815 2nd Ave Fl 7 New York, NY 10017-4503",212-922-5129,,,
1163,Eric Mower and Associates,"360 Delaware Avenue Buffalo, NY 14202-1620",716-842-2233,716-842-6676 fax,,
1164,"FCI - Furgiuele & Company, Inc","276 Read Avenue Crestwood, NY 10707-1621",914-793-0045,914-793-0026 fax,,
1165,Financial Times,"1330 Avenue of the Americas New York, NY 10019-5436",212-641-6500,,,
1166,FlintStrike Solutions,"PO Box 15601 Syracuse, NY 13215",315-288-0806,,,
1167,Franciscan Mission Associates,"274-280 West Lincoln Avenue P.O. Box 598 Mount Vernon, NY 10551-0598",914-664-5604,,,
1168,FreshDirect,"23-30 Borden Ave Long Island City, NY 11101-4515",718-433-0982,,,
1169,"GateHouse Media, Inc","350 Willowbrook Drive Fairport, NY 14450",617-224-2344,,,
1170,Gaylord Bros,"7282 William Barry Blvd North Syracuse, NY 13212",315-457-5070,8005957265 fax,,
1171,Gerber Life Insurance Co.,"1311 Mamaroneck Ave White Plains, NY 10605-5221",914-272-4000,,,
1172,Glen Orenstein,"2959 Judith Drive Merrick, NY 11566",516-359-8785,,,
1173,Glenview Capital Management,"767 Fifth Avenue 44th Floor New York, NY 10023",212-812-4700,,,
1174,GPShopper,"307 7th Avenue, Suite 2104 New York, NY 10001",212-488-2222,,,
1175,Gridley & Company LLC,"10 East 53rd Street 24th Floor New York, NY 10022",212-400-9720,212-400-9717 fax,,
1176,Ground Truth,"116 West 23rd Street, 5th Floor NYC, NY 10011",212-851-4000,,,
1177,GroupM Direct,"825 7th Ave. New York, NY 10019",212-297-7000,646-264-3980 fax,,
1178,"Hachette Filipacchi Media U.S., Inc.","1633 Broadway Fl 43 New York, NY 10019-6708",212-767-6677,,,
1179,Halogen Response Media,"1675 Broadway New York, NY 10019",212-468-3627,212-468-3940 fax,,
1180,"Hauser List Services, NMIS","91 New York Avenue Westbury, NY 11590",516-735-1680,,,
1181,Hearst Magazines,"300 W 57th St Fl 19 New York, NY 10019-3741",212-649-2824,,,
1182,"Holsted Marketing, Inc.","135 Madison Avenue Eighth Floor New York, NY 10016-6727",212-686-8537,,,
1183,HomeData Corporation,"960 South Broadway #126 Hicksville, NY 11801",516-605-0451,516-605-0455 fax,,
1184,Horizon Lists,"126 W 227th Street, Suite A Bronx, NY 10463",845-300-4932,,,
1185,IEEE Spectrum,"3 Park Ave Fl 17 New York, NY 10016-5902",212-419-7768,,,
1186,Infinite Media,"190 E Post Rd White Plains, NY 10601-4912",914-949-1547,914-949-1605 fax,,
1187,"InterMedia Outdoors, Inc.","512 Fashion Ave Fl 11 New York, NY 10018-4603",212-852-6600,,,
1188,"International Masters Publishers, Inc.","352 Park Avenue South 14th Floor New York, NY 10010",212-353-6400,,,
1189,International Trade Exhibition in France Inc. /PromoSalonUSA,"810 Seventh Avenue Floor 38 New York, NY 10019-5818",212-400-2173,212-315-1017 fax,,
1190,J & R Music World/ J & R Computer World,"23 Park Row New York, NY 10038-2302",212-238-9000 x2438,,,
1191,JLMC,"15 Park Row 17E New York, NY 10038",917-207-6605,,,
1192,JWT,"466 Lexington Ave New York, NY 10017-3176",212-210-7000,408-993-9981 fax,,
1193,"Karasea, Inc.","1337 Saw Mill River Rd # 102 Hastings On Hudson, NY 10706-3630",914-646-4481,,,
1194,Karen Tripi Associates,"305 Madison Ave. Ste. 2319 New York, NY 10165-2320",212-972-5258,212-599-3809 fax,,
1195,Kathy Sandler,"525 East 82nd Street Suite 2G New York, NY 10028",917-697-9678,,,
1196,KickApps,"29 W 38th Street, 5th Floor New York, NY 10018",212-730-4520,,,
1197,Kraft Foods / Gevalia Kaffe,"555 S Broadway Tarrytown, NY 10591-6301",914-425-2500,,,
1198,"LDSGroup, Inc.","555 Eighth Ave 11th floor New York, NY 10018",646-390-5702,646-390-5715 fax,,
1199,Lead Gen Media Group,"1000 South Ave Suite 103 Staten Island, NY 10314",718-215-2233,718-215-2270 fax,,
1200,List Process Direct,"404 East 79th Street Suite #23G New York, NY 10075",212-517-8550,212-517-9728 fax,,
1201,List Strategies Inc,"51 Madison Ave # 2505 New York, NY 10010-1694",212-767-1000,212-541-4408 fax,,
1202,ListEngine,"1 Blue Hill Plz Po Box 1674 Pearl River, NY 10965-3113",845-627-6600,661-459-2360 fax,,
1203,Liz Kislik Associates LLC,"100 Merrick Rd Ste. 505E Rockville Centre, NY 11570-4834",516-568-2932,516-568-2936 fax,,
1204,"Lustigman Firm, P.C.","149 Madison Ave Ste. 805 New York, NY 10016-6713",212-683-9180,212-683-9181 fax,,
1205,"Macy's Marketing, A Division of Advertex","151 W 34th St Fl 17 New York, NY 10001-2101",212-695-4400,,,
1206,Magazine Publishers of America,"810 7th Ave. 24th Fl. New York, NY 10019-5873",212-872-3700,,,
1207,Magjak,"114 Pearl St Port Chester, NY 10573-4663",914-939-8800,914-933-0392 fax,,
1208,Mailmen Inc.,"15 Enter Lane Islandia, NY 11749",631-582-6900,631-582-6948 fax,,
1209,March of Dimes,"1275 Mamaroneck Ave White Plains, NY 10605-5201",914-428-7100,,,
1210,Martha Stewart Living Omnimedia,"601 West 26th St, 9th Fl New York, NY 10001",212-827-8000,,,
1211,"Mazzone Marketing Group, LLC","164 20th St Suite 2B Brooklyn, NY 11232",866-928-5478,718-369-0099 fax,,
1212,MBS,"570 South Research Place Central Islip, NY 11722",631-851-5073,631-851-1338 fax,,
1213,"Media Recruiting Group, Inc.","One Bridge St. Ste. P2 Irvington, NY 10533-1575",914-591-5511,914-591-8911 fax,,
1214,"Media Resource Group, Inc.","105 S Bedford Rd Ste. 313 Mount Kisco, NY 10549-3466",914-244-4250,914-244-4458 fax,,
1215,Meredith Integrated Marketing,"375 Lexington Avenue 7th Floor New York, NY 10017-5644",212-499-1713,212-499-1750 fax,,
1216,Metlife,"1095 Avenue of the Americas 39th Fl New York, NY 10036",212-578-3020,,,
1217,Michael Grant Direct,"115 Carthage Road Scarsdale, NY 10583",914-722-4177,,,
1218,Military Media Inc.,"One Bushwick Rd. Poughkeepsie, NY 12603",845-454-7900,845-454-7987 fax,,
1219,MIMAARTS LLC.,"535 Fifth Avenue 31st Floor New York, NY 10017",212-584-1810,212-682-2742 fax,,
1220,MLB Associates,"1936 Saranac Ave. Ste. 2-300 Lake Placid, NY 12946-1171",518-523-2371,518-523-1868 fax,,
1221,NAK Marketing & Communications,"20 West 55th Street 6th Floor New York, NY 10019",917-597-1891,,,
1222,National Catholic Development Conference,"86 Front Steet Hempstead, NY 11550",516-481-6000,,,
1223,New York & Company,"450 W 33rd St Fl 5 New York, NY 10001-2632",212-884-2169,,,
1224,New York Philharmonic,"Avery Fisher Hall 10 Lincoln Center Plz. New York, NY 10023-6970",212-875-5691,,,
1225,New York Society of Security Analysts,"1540 Broadway Suite 1010 New York, NY 10036",646-871-3416,,,
1226,New York University,"11 W 42nd St Rm 431 New York, NY 10036-8002",212-992-3221,,,
1227,North Shore Animal League America,"750 Port Washington Blvd Port Washington, NY 11050-3720",516-883-7900,,,
1228,"Northern Safety Company, Inc.","PO Box 4250 Utica, NY 13504-4250",315-793-4900,,,
1229,"NYSARC, Inc","393 Delaware Ave Delmar, NY 12054",518-439-8311,,,
1230,Oak Knoll Limited Liability Company,"7 Hastings Ct South Salem, NY 10590-2517",914-533-0208,,,
1231,Official Offset Corporation,"8600 New Horizons Blvd. Amityville, NY 11701-1154",631-957-8500,631-957-4606 fax,,
1232,OgilvyOne Worldwide,"309 West 49th Street New York, NY 10019-7316",212-237-6000,212-237-6757 fax,,
1233,Omnicom Media Group Direct,"195 Broadway 20th Floor New York, NY 10007",212-590-7012,,,
1234,"Oppenheimer Funds, Inc.","2 World Financial Ctr 225 Liberty St., 11th Fl. New York, NY 10281-1005",212-323-0200,,,
1235,Oxford University Press,"198 Madison Avenue New York, NY 10016-4308",212-726-6000 x6011,,,
1236,Parade Publications,"711 Third Ave. New York, NY 10017-4014",212-450-7000,,,
1237,Paradysz,"5 Hanover Square New York, NY 10004",212-387-0300,212-387-7647 fax,,
1238,"Paul, Hastings, Janofsky & Walker LLP","75 E. 55th St. New York, NY 10022-3205",212-318-6037,,,
1239,PetCareRx,"52 Merton Ave Lynbrook, NY 11563",415-794-8939,,,
1240,Petsky Prunier LLC,"60 Broad Street 38th Floor New York, NY 10004",212-842-6020,212-842-6039 fax,,
1241,"PNT Marketing Services, Inc.","24-20 Jackson Ave Ste. 203 Long Island City, NY 11101-4332",212-932-7898,,,
1242,"Proclivity Systems, Inc.","22 West 19th St. 9th Flr New York, NY 10011",646-237-3737,646-861-6530 fax,,
1243,"Professional Advertising Systems, Inc.","200 Business Park Dr Ste. 304 Armonk, NY 10504-1751",914-765-0500,914-765-0503 fax,,
1244,Progressive Direct Marketing,"5800 Transit Road Depew, NY 14043-2820",716-681-6848,,,
1245,Publishers Clearing House,"382 Channel Dr Port Washington, NY 11050-2297",516-883-5432,,,
1246,"Publishing Fulfillment Consulting, LLC","85 Settlers Hill Rd. Brewster, NY 10509-5210",845-278-2800,,,
1247,"Quadriga Art, Inc.","30 East 33rd Street New York, NY 10016-5317",212-685-0751,,,
1248,Quint Strategies,"511 6th Avenue, Suite 368 New York, NY 10011",212-537-9130,814-690-9063 fax,,
1249,RAD Marketing & CableTowns,"167 Crary-On-The-Park Mount Vernon, NY 10550",914-668-3563,914-668-4247 fax,,
1250,"Raihofer & Associates, Llc","48 Young Ave Pelham, NY 10803-1724",914-738-8282,914-738-5387 fax,,
1251,Redcats USA,"463 Fashion Ave Rm 1603 New York, NY 10018-7421",212-613-9500,,,
1252,Regency Direct Marketing (I) Pvt. LTD,"302, Manish Commercial Centre Mumbai, NY 400 025  912224903410",,912224903415 fax,,
1253,Relationship1,"2 Second Street Rye, NY 10580-2927",914-921-4400,914-921-6007 fax,,
1254,Research & Response International,"250 W 57th St. Ste. 1326 New York, NY 10107-1309",212-489-8610,212-262-3474 fax,,
1255,RICG,"460 West 34th Street New York, NY 10001",212-944-1133,,,
1256,Richard Law,"166 East 3rd Street Deer Park, NY 11729",917-267-8293,,,
1257,Rickard List Marketing,"190 Motor Parkway Ste. 103 Hauppauge, NY 11788",631-249-8710,631-249-9655 fax,,
1258,Rochester Institute of Technology,"55 Lomb Memorial Dr Rochester, NY 14623-5602",585-475-7436,,,
1259,Sailthru,"670 Broadway New York, NY 10012",646-369-5406,,,
1260,"Sanky Communications, Inc.","589 8th Ave. 10th Fl New York, NY 10018-3005",212-868-4300,212-868-4310 fax,,
1261,Scanbuy,"54 W 39th St New York, NY 10018",212-278-0178,,,
1262,Scholastic Inc.,"555 Broadway New York, NY 10012-3919",212-343-6100,,,
1263,Scramble Caddy,"30 Bryant Woods North Amherst, NY 14228",716-691-2800,716.691.2828 fax,,
1264,ServiceMaster,"x Rochester, NY 14610",585-473-3290,,,
1265,Severini Communications LLC (Mogility),"200 W 86th St Apt 1k New York, NY 10024",917-734-3991,,,
1266,"Shape Media, LLC","875 Avenue of the Americas Ste. 1811 New York, NY 10001-3507",212-279-2929,212-279-0909 fax,,
1267,Sir Speedy Plainview,"101 Dupont Street Plainview, NY 11803",516-935-4567,,,
1268,Sir Speedy Westbury,"75 State Street Westbury, NY 11590",510-334-7400,,,
1269,Sirius XM Radio,"1221 Avenue of the Americas 36th Floor New York, NY 10020",212-584-5100,12128995050 fax,,
1270,Smithsonian Enterprises,"420 Lexington Ave New York, NY 10170-0002",212-916-1300,,,
1271,Snackable Media,"350 Seventh Avenue Second Floor New York, NY 10001",212-588-1180,212-588-1191 fax,,
1272,Sony BMG Custom Marketing Group,"550 Madison Avenue New York, NY 10022-3211",212-833-8000,212-833-7021 fax,,
1273,Steel Media,"350 5Th Ave Fl 59 New York, NY 10118-5999",212-920-9599,,,
1274,Susan Goodman,"Planetarium Station PO Box 835 New York, NY 10024",917-476-5978,,,
1275,"Tams-Witmark Music Library, Inc.","560 Lexington Avenue New York, NY 10022-6828",212-688-2525,,,
1276,"The CPW Group, Inc.","60 Trade Zone Ct Ronkonkoma, NY 11779-7395",888-641-7901,,,
1277,The Horah Group,"351 Manville Rd. Suite 105 Pleasantville, NY 10570",914-495-3200,914-769-8802 fax,,
1278,The McGraw-Hill Companies,"1221 Avenue of The Americas Ste C3A New York, NY 10020-1016",212-904-2000,,,
1279,"The MDI Group, Inc.","128 Radio Circle Drive Mount Kisco, NY 10549",914-402-7100,,,
1280,The Metropolitan Museum of Art,"6 E 82nd St New York, NY 10028-0304",212-879-5500,,,
1281,The Smile Train,"41 Madison Ave Fl 28 New York, NY 10010-2351",212-689-9199,,,
1282,The Townsend Group,"616 West 207th Street, Suite 4E New York, NY 10034",212-304-9069,,,
1283,The Troyanos Group Ltd.,"106 N Broadway Fl 3 Irvington, NY 10533-1262",914-479-1801,,,
1284,The Vidal Partnership,"228 E 45th St Fl 11 New York, NY 10017-3303",212-867-5185,212-687-4087 fax,,
1285,TheCooperGroup,"381 Park Avenue South 8th Floor New York, NY 10016-8806",212-696-2512,212-696-2516 fax,,
1286,Time Warner Cable,"1633 Broadway 39th Floor New York, NY 10019",202-370-4227,,,
1287,"TransitCenter, Inc.","1065 Avenue of The Americas New York, NY 10018-1878",212-329-2000,,,
1288,Treasure Chest,"304 Park Ave S New York, NY 10010",212-590-2332,,,
1289,Triumph Learning,"136 Madison Ave, 7th Floor New York, NY 10016",212-652-0200,,,
1290,UJA Federation of New York,"130 E 59th St New York, NY 10022-1302",212-980-1000,,,
1291,"Underline Communications, LLC","12 W 27th St 14th Fl New York, NY 10001",212-994-4340,,,
1292,United Nations Federal Credit Union,"2401 44th Rd Fl 7 Court Square Place Long Island City, NY 11101-4605",347-686-6000,,,
1293,University at Buffalo Center for Entrepreneurial Leadership,"672 Delaware Avenue Buffalo, NY 14209",716-645-3200,,,
1294,USADATA,"292 Madison Avenue 3rd Floor New York, NY 10017",800-395-7707,212-679-8507 fax,,
1295,"Valmark Associates, LLC","300 International Dr. Suite 100 Williamsville, NY 14221-5783",716-836-3414,716-893-5014 fax,,
1296,Vanguard Direct,"519 8th Avenue 23rd Floor New York, NY 10018-4570",212-736-0770,908-736-8519 fax,,
1297,Vector Marketing Corporation,"1116 E State St Olean, NY 14760-3814",716-373-6141,,,
1298,Veronis Suhler Stevenson,"350 Park Ave New York, NY 10022-6022",212-935-4990,212-381-8168 fax,,
1299,Viacom Media Networks,"1515 Broadway 28th Floor New York, NY 10036",212-846-4097,,,
1300,VISIBLE WORLD,"460 W. 34TH STREET, 14TH FLOOR NEW YORK, NY 10001",212-739-1900,,,
1301,Warnaco,"501 Fashion Ave Fl 11 New York, NY 10018-5903",212-287-8207,,,
1302,Welch Allyn,"4341 State Street Road Skaneateles Falls, NY 13153",315-685-4100,,,
1303,Wientzen Enterprises,"265 East 66th Street New York, NY 10021-6404",,,,
1304,"XMPie, A Xerox Company","767 3rd Ave New York, NY 10017-2023",781-768-6500,,,
1305,Yahoo,"1065 Avenue of the Americas 12th Floor New York, NY 10028",212-381-6860,212-381-6801 fax,,
1306,"Zeppo Marketing, Inc.","386 Park Ave S Ste 202 New York, NY 10016-8804",212-308-5734,646-304-7364 fax,,
1307,Zeta Interactive,"99 Park Ave 23rd Floor New York, NY 10016",646-834-9400,646-834-9390 fax,,
1308,"DirectConnectGroup, Ltd.","5501 Cass Avenue Cleveland, OH 44102",216-281-2866,216-281-2824 fax,...Direct Connect Group (DCG) protects your brand by producing and delivering your messages consistently and on-brand throughout your sales and...,http://www.directconnectgroup.com
1309,E3 Local Marketing Solutions,"4601 Malsbary Rd. Cincinnati, OH 45242-5659",513-699-3300,513-699-3310 fax,...E3 Local provides marketing solutions for customer acquisition and retention to advertisers with promotional needs in multiple markets. Specializing...,http://www.e3local.com
1310,Graphic Communications,"5700 Darrow Road, Suite 110 Hudson, OH 44236",330-650-5522,330-650-8998 fax,"...A Unisource company, Graphic Communications is one of the worlds largest independent paper and print solutions providers. With offices around...",http://www.GraphicCommunications.com
1311,International Data Management,"490 White Pond Dr. Akron, OH 44320-1122",330-869-8500,330-869-4027 fax,"...IDMI specializes in providing full-service database management for a multitude of fundraising, political, and ministry organizations. For those organizations...",http://www.idmi.com
1312,Mac Murray Petersen and Shuster,"6530 W. Campus Oval, Suite 210 New Albany, OH 43054",614-939-9955,,"...Having worked at large national full service law firms, medium-sized regional firms, and very large and very small municipal, county...",http://www.mpslawyers.com
1313,"Management Recruiters of Moreland Hills (Moreland Group, The)","2733 Wicklow Road Cleveland, OH 44120",216-591-0600,216.820.4415 fax,"...TRUSTED HEADHUNTERS FOR THE DIRECT RESPONSE INDUSTRY In the direct response industry, nobody will provide you with better insight into the...",http://www.mriresults.com
1314,NewPage,"8540 Gander Creek Drive Miamisburg, OH 45342",877-855-7243,,"...We're about paper...and so much more. With NewPage, you'll find that we are as committed to our customers...",http://www.NewPageCorp.com
1315,"PCCW Teleservices (US),Inc.","565 Metro Pl S Ste. 250 Dublin, OH 43017-7312",614-280-1600,614-280-1610 fax,"...PCCW Teleservices is a premier business process outsourcing (BPO) provider skilled in all facets of voice and non-voice customer service,...",http://www.pccwteleservices.com
1316,Town Money Saver,"4 West Main Street Lucas, OH 44843-9701",419-892-1913,419-892-2371 fax,"...With over 20 YEARS of Experience, Town Money Saver is a monthly Direct Mail Advertising Flyer that is delivered right...",http://www.townmoneysaver.com
1317,Univenture Inc.,"13311 Industrial Pkwy Marysville, OH 43040-9589",800-992-8262 x111,937-645-4700 fax,...Univenture is the global leader in providing innovative media packaging solutions. Our constantly evolving product line has the breadth and...,http://www.univenture.com
1318,admail.net/List Media,"251 W Garfield Rd Ste 284 Aurora, OH 44202-8856",330-995-0864,,,
1319,Advanstar Marketing Services,"24950 Country Club Blvd., Suite 200 Cleveland, OH 44070",800-225-4569,,,
1320,American Modern Insurance Group,"7000 Midland Blvd Amelia, OH 45102-2608",513-943-7200,,,
1321,"AmeriMark Holdings, LLC","6864 Engle Rd. Cleveland, OH 44130-7910",440-325-2000,,,
1322,Ashland University,"224 Andrews Hall Ashland, OH 44805",419-289-5063,,,
1323,Associated Materials,"3773 State Rd Cuyahoga Falls, OH 44223-2603",330-922-2182,,,
1324,"BBS & Associates, Inc.","130 Springside Drive, Suite 200 Akron, OH 44333",330-665-5227,330-665-5055 fax,,
1325,C.TRAC information solutions,"16855 Foltz Pkwy Strongsville, OH 44149-5517",440-572-1000,440-572-3330 fax,,
1326,"Carson Wrapped Hershey's Chocolate","3115 Homeward Way Fairfield, OH 45014-4255",513-874-7414,,,
1327,"Clear Saleing, Inc.","1177 Olentangy River Road Columbus, OH 43212-3117",614-448-2688,888-228-0444 fax,,
1328,Cleveland Clinic Foundation,"9500 Euclid Ave AC311 Cleveland, OH 44195-0001",216-444-2200,,,
1329,"Consolidated Technologies Group, LLC","1614 E. 40th Street Cleveland, OH 44103",216-426-5328,,,
1330,Cornerstone Brands Inc.,"PO Box 1308 West Chester, OH 45071-1308",513-603-1400,,,
1331,Council of Smaller Enterprises (COSE),"The Higbee Building 100 Public Square, Suite 210 Cleveland, OH 44113-2227",216-621-3300,,,
1332,"Diebold, Inc.","3792 Boettler Oaks Dr Ste A Uniontown, OH 44685-7769",330-899-2510,,,
1333,Disabled American Veterans,"PO Box 14301 Cincinnati, OH 45250-0301",859-441-7300,,,
1334,Discover Publications,"6797 N High St Ste. 213 Worthington, OH 43085-2533",614-468-9113,614-431-3324 fax,,
1335,Eleventy Marketing Group,"453 S. High Street, Suite 101 Akron, OH 44311",330-294-1120,,,
1336,Fifth Third Bank,"5001 Kingsley Drive Maildrop 1MOB2V Cincinnati, OH 45227",513-358-0952,,,
1337,"Fusion, Inc.","4658 E. 355th Street Willoughby, OH 44094",440-946-3300,440-602-8761 fax,,
1338,"Gianfagna Strategic Marketing, Inc.","1991 Crocker Rd. Suite 225 Cleveland, OH 44145-6970",440-808-4700,440-808-4707 fax,,
1339,Gold Medal Products Company,"10700 Medallion Dr Cincinnati, OH 45241-4807",513-769-7676,,,
1340,Health Care Logistics,"PO Box 25 Circleville, OH 43113",800-848-1633,,,
1341,Highlights for Children,"1800 Watermark Dr Columbus, OH 43215-1035",614-487-2601,,,
1342,HoneyBaked Foods Inc.,"6145 Merger Dr. Holland, OH 43528",419-868-6400,419-867-8577 fax,,
1343,HY-KO Products Company,"60 Meadow Ln Northfield, OH 44067-1415",330-467-7446,,,
1344,InfoCision Management Corporation,"325 Springside Dr. Akron, OH 44333",330-668-1400,330-668-1401 fax,,
1345,Integrate,"1404 Goodale Boulevard Columbus, OH 43212-3778",614-421-0004,614-421-0007 fax,,
1346,"James Direct, Inc.","500 S. Prospect Ave. Hartville, OH 44632",330-877-0800,,,
1347,KeyBank,"800 Superior Ave E Cleveland, OH 44114-2613",216-689-3000,,,
1348,LADD Industries,"4849 Hempstead Station Dr. Dayton, OH 45429-5156",937-438-2646,,,
1349,"LimitedBrands, Inc. (B&BP)","5 Limited Pkwy Reynoldsburg, OH 43068-5300",614-415-7000,,,
1350,List Marketing Group Inc.,"15607 Delaware Ave. Ste. 3 Lakewood, OH 44107-5501",216-227-1758,,,
1351,Mandalay Baseball Properties,"220 North Patterson Blvd Dayton, OH 45402-1279",937-228-2287,,,
1352,"Matt Brown & Associates, Inc.","2769 Orchard Run Road Dayton, OH 45449-2831",937-434-3949,937-434-6272 fax,,
1353,Metrics Marketing Group,"905 Corporate Way, Suite 250 Westlake, OH 44145  8773329222",,,,
1354,Proforma,"11476 Hawke Road Suite A Columbia Station, OH 44028",216-520-8400,800-825-1525 fax,,
1355,SBDP Corporation,"4208 Airport Road Cincinnati, OH 45226-1646",513-871-7019,513-871-0134 fax,,
1356,"SourceLink, LLC","3303 W. Tech Rd. Miamisburg, OH 45302",864-678-2150,,,
1357,Sterling Jewelers Inc.,"375 Ghent Rd Akron, OH 44333-4601",330-668-5000,,,
1358,Suarez Corporation Industries,"7800 Whipple Ave N.W. North Canton, OH 44720",330-494-5504,330-676-1243 fax,,
1359,Summit Racing Equipment,"1200 Southeast Ave Tallmadge, OH 44278-3161",330-630-0270,,,
1360,"Synergy Direct Marketing Solutions, LLC","106 Franz Dr. Akron, OH 44333",330-869-5886,330-869-2814 fax,,
1361,The Ad Farm,"2225 Dundas Rd Ottawa Hills, OH 43606-2526",419-720-5676,,,
1362,The J.M. Smucker Company,"1 Strawberry Ln Orrville, OH 44667-1298",330-682-3000,,,
1363,"Things Remembered, Inc.","5500 Avion Park Dr Highland Heights, OH 44143-1992",440-473-2000,,,
1364,USI Affinity Collegiate Insurance Resources,"3070 Riverside Dr Columbus, OH 43221-2547",614-486-5388,,,
1365,"Valentine Research, Inc.","10280 Alliance Road Cincinnati, OH 45242-4710",513-984-8900,,,
1366,Vita-Mix Corporation,"8615 Usher Rd. Cleveland, OH 44138-2199",440-235-4840,,,
1367,Yeck Brothers Company,"2222 Arbor Blvd. Dayton, OH 45439-1522",937-294-4000,937-294-6985 fax,,
1368,"Allegiant Marketing Group, Inc.","13930 N. Harvey Rd. Edmond, OK 73013",405-302-3500,405-359-4148 fax,...An Expert Marketing Services Partner Request a Quote Request Media Kit Allegiant Marketing Group (AMG) is a full service advertising and...,http://www.AllegiantMarketingGroup.com
1369,Chilcutt Direct Marketing,"9301 Cedar Lake Ave Oklahoma City, OK 73114-7803",405-478-7245,405-478-2984 fax,"...Direct marketing. In basic terms, it is getting your product or service to potential customers - directly. When it comes...",http://www.cdmlist.com
1370,grafaccent,"2000 N. Classen Oklahoma City, OK 73106",405-523-5085,,...Our digital printing and print services management expertise spans over 3 decades. The digital customization available to you uses...,http://www.grafaccent.com/
1371,ur mobile,"5745 NW 132nd Oklahoma City, OK 73142",405-603-2020,405-603-4133 fax,...ur mobile is a cloud-based platform designed to expedite and simplify the exploding demand for rich mobile web experiences. ...,http://www.urmobile.com
1372,"Bullseye Database Marketing, LLC","5546 South 104th East Avenue Tulsa, OK 74146-6505",918-587-1731,918-587-0450 fax,,
1373,Reserve National Insurance Co.,"601 E. Britton Rd Oklahoma City, OK 73114",405-848-7931,,,
1374,"Sportsmith, L.L.C.","5925 South 118th Avenue Tulsa, OK 74146",918-307-2446,,,
1375,Accudirect Response Company,"1401 Northwest 19th Avenue Portland, OR 97209-1701",503-223-2076,503-228-6632 fax,...Identify - Target - Deliver - Sell : AccuDirect is a technology-driven organization that offers the entire direct marketing spectrum....,http://www.accudirectnw.com
1376,"Atomic Direct, LLC","1219 SE Lafayette Street Portland, OR 97202",503-296-6131,,"...A full service Direct Response TV agency specializing in: Infomercials, Direct Response Spots, Marketing Strategy & Research, Response Videos, In-Store...",http://www.atomicdirect.com
1377,Babcock & Jenkins,"711 SW Alder Suite 200 Portland, OR 97205",503-382-8500,503-227-2623 fax,...BABCOCK & JENKINS - the agile agencyBabcock & Jenkins is a full-service direct and relationship marketing agency. We drive customer...,http://www.bnj.com
1378,Group Mojo,"800 NW 6th Ave Suite 313 Portland, OR 97209-3715",503-493-2242,503-493-2246 fax,"...Group Mojo specializes in high quality infomercials, web videos, brand films and direct response television. Our management team is responsible...",http://www.groupmojo.com
1379,McIntyre Direct,"700 North Hayden Island Drive Suite 390 Portland, OR 97217",503-286-1400,503-286-1300 fax,"...For the last 20 years we've been helping catalogers get more out of their catalogs. More sales. More profit. More...",http://www.mcintyredirect.com
1380,Off The Wall Magnetics,"60 SE Main Street Portland, OR 97214-3320",503-331-0114,503-331-0118 fax,"...Marketing with direct mail magnets is a great tool for businesses that want to boost their sales, increase traffic or...",http://www.4thefridge.com/site/samples-directmail.
1381,AKA Direct,"19217 SW 119th Tualatin, OR 97062-2990",503-454-2200,503-692-9625 fax,,
1382,Carpe DM,"PO Box 8468 Medford, OR 97504-0468",541-282-7741,541-282-8584 fax,,
1383,funnelbox,"712 Main Street, Suite 100 Oregon City, OR 97045",503-595-5901,503-595-5908 fax,,
1384,Informal Education Products,"2517 S.E. Mailwell Dr. Milwaukie, OR 97222-7329",503-794-7100,,,
1385,Institute Lists,"1000 SW Broadway STE 1200 Portland, OR 97205",917-751-8439,,,
1386,International Society for Technology in Education,"175 W Broadway Ste 300 Eugene, OR 97401-3042",541-349-7575,,,
1387,"Lithia Motors, Inc.","360 E Jackson St Medford, OR 97501-5892",541-774-7602,,,
1388,"Nike, Inc.","1 SW Bowerman Dr Beaverton, OR 97005-0979",503-671-4565,,,
1389,"Northwest Direct Teleservices, Inc.","24790 SW Big Fir Rd. West Linn, OR 97068-9601",503-722-1640,503-722-4330 fax,,
1390,Portland Rescue Mission,"700 NE Multnomah #400 Portland, OR 97232-4104",503-906-7605,,,
1391,Quickie Marketing,"20734 Justice Court Bend, OR 97701",541-678-5015,,,
1392,Xerox Corporation,"PO Box 1000 MS 7060-583 Wilsonville, OR 97070",,,,
1393,"Action Mailers, Inc.","90 Commerce Dr Aston, PA 19014-3201",610-859-0500,610-859-0505 fax,"...Large full service Letter-Shop. Services include;High speed laser & inkjet personaliztion.Complete binderyEmbossed cards, post-it note & coin affixing.Match mailings.BMC/SCF drop...",http://www.actionmailer.com
1394,"Brokers Worldwide, LLC","701C Ashland Avenue Folcroft, PA 19032-2022",610-461-3661,610-461-4239 fax,"...Brokers Worldwide is the country's leading full service international and domestic mail and parcel distribution company, specializing in the preparation...",http://www.brokersworldwide.com
1395,BullsEye Marketing Systems LLC,"1157 Phoenixville Pike Suite 107 West Chester, PA 19380",484-356-2240,484-356-2219 fax,...BullsEye Marketing Systems? is an industry leader in managing and executing campaigns that utilize targeted offers and variable content. Our...,http://www.bullseye-mobile.com
1396,Communefx Corporation,"1253 Freedom Rd. Ste 500 Cranberry Twp, PA 16066-4953",724-742-7100,724.935.7080 fax,"...In our world, performance counts. We measure results. We tie our success to those measures. We call it Communication Effectiveness...",http://www.communefx.com
1397,DMW Direct,"701 Lee Road Chesterbrook, PA 19087",610-407-0407,610-407-0410 fax,"...DMW is a full service Direct Response Advertising Agency with specialty practices in fund raising, insurance marketing, financial services marketing,...",http://www.dmwdirect.com
1398,"Fry Communications, Inc.","800 West Church Road Mechanicsburg, PA 17055",717-766-0211,717-697-1358 fax,"... Providing unique solutions for information distribution: in print, via direct mail, on the Web, and beyond! Fry Communications is...",http://www.frycomm.com
1399,Intelligencer Printing Company,"330 Eden Rd Lancaster, PA 17601",800-233-0107,717-569-2643 fax,"...Intelligencer Printing offers these services: IntellOnDemand™ online proofing-file transfer site, 7/color sheet fed printing with Aqueous and UV, web printing...",http://www.intellprinting.com
1400,"Ken Malek Associates, Inc.","P. O. Box 383 Yardley, PA 19067-8383",215-579-2070,215-860-3498 fax,"...Ken Malek Associates, with its offices in Greater Philadelphia and Tampa, Florida, is dedicated to serving the Direct Response and...",http://www.kenmalek.com
1401,LSSiDATA,"1 Sentry Parkway, Suite 6000 Blue Bell, PA 19422",888-906-3398,610-567-5698 fax,"...LSSiDATA is a unique resource for residential, business and government listings and contact information. More than 2 million updates...",http://www.lssidata.com
1402,National Fulfillment Services - NFS,"100 Pine Ave. Holmes, PA 19043-1444",610-532-4700,610-586-3232 fax,...National Fulfillment Services is a direct marketing/direct response support company that delivers more of the essential services- and service -...,http://www.nfsrv.com
1403,Quattro Direct,"1175 Lancaster Avenue Berwyn, PA 19312",610-993-0070,610-993-0057 fax,...Quattro Direct is a fully integrated Direct Marketing and Advertising Agency. We provide our clients with an unparalleled approach to...,http://www.quattrodirect.com
1404,Schultz & Williams,"325 Chestnut Street Suite 700 Philadelphia, PA 19106",215-625-9955,215-625-2701 fax,"...Schultz & Williams provides integrated development, management, marketing and direct response services to nonprofit organizations across the country. Using...",http://www.schultzwilliams.com
1405,The Radio Agency,"1400 N. Providence Rd. Ste. 4000 Media, PA 19063-2061",610-892-7300,610-892-1899 fax,...There is only ONE agency in the entire DMA membership population 100% focused on radio The Radio Agency. Founded...,http://www.TheRadioAgency.com
1406,TPG,"7 N. Columbus Blvd. Philadelphia, PA 19106-1422",215-592-8381,215-574-8316 fax,...We are experts in multi-channel customer acquisition with an unrivaled reputation for working together with our clients to make complex...,http://www.tpgdirect.com
1407,TrueSense Marketing,"155 Commerce Dr Freedom, PA 15042",877-878-6584,,...TrueSense Marketing is a full-service direct marketing and fundraising agency with offices in Pittsburgh and Seattle. For nearly 50...,http://www.truesense.com
1408,"W.S. Ponton, Inc.","5149 Butler Street The Ponton Building Pittsburgh, PA 15201-2606",412-782-2360,412-782-1109 fax,"...For over a Century, W.S. Ponton, Inc. has been the List Industrys vendor of choice for reaching the Affluent Markets....",http://www.wsponton.com
1409,"ACURIAN, INC.","2 Walnut Grove Drive Suite 375 Horsham, PA 19044",215-323-9000,,,
1410,Advertising Advantage,"3833 Brighton Rd Pittsburgh, PA 15212-1601",412-761-7958,,,
1411,"American Marketing Solutions, LLC","One Millennium Dr. Uniontown, PA 15401-6408",724-437-3707,,,
1412,"Aon's Affinity Insurance Services, Inc.","159 E. County Line Rd. Hatboro, PA 19040-1218",215-773-4600,,,
1413,Bartash ROI,"5400 Grays Ave Philadelphia, PA 19143",215-724-1700,,,
1414,Business Development Institute,"3070 Bristol Pike Bensalem, PA 19020",215-205-6859,,,
1415,Carnegie Mellon University,"6 PPG Place 14th Floor Pittsburgh, PA 15222",412-268-2000,,,
1416,CIGNA International,"1601 Chestnut St Two Liberty Place, 53rd Fl. Philadelphia, PA 19192-0003",215-761-1000,,,
1417,Clipper Magazine,"3708 Hempland Road Mountville, PA 17554",717-569-5100,717-569-5101 fax,,
1418,Col Voce Consulting,"551 Newcomen Rd Exton, PA 19341-1938",215-266-2992,,,
1419,Comcast Family of Companies,"Programming Investments Division Philadelphia , PA",215-665-1700,,,
1420,Coventry,"7111 Valley Green Rd Fort Washington, PA 19034-2298",877-836-8300,,,
1421,DENTSPLY Prosthetics (Ceramco),"570 W. College Ave York, PA 17405",800-877-0020,717-849-4628 fax,,
1422,Destination Maternity Corporation,"456 N 5th St Philadelphia, PA 19123-4007",215-873-2200,,,
1423,"Direct Choice, Inc.","480 East Swedesford Road Suite 210 Wayne, PA 19087",610-995-2111,610-995-2266 fax,,
1424,ECorpTV.com,"687 W Lancaster Ave Wayne, PA 19087-2545",610-254-8924,610-254-9190 fax,,
1425,"Elliott Marketing Group, Inc.","2281 Sidgefield Lane Pittsburgh, PA 15241-2713",412-831-1183,412-851-0698 fax,,
1426,Fox Chase Cancer Center,"333 Cottman Ave. Philadelphia, PA 19111-2497",215-728-2810,,,
1427,Gorman Economics LLC,"39 West Gay Street West Chester, PA 19380",800-923-1111,,,
1428,Great Lakes List Management,"3126 Peach St. Erie, PA 16508-2734",800-964-5478,814-456-2175 fax,,
1429,"H&H Graphics, Inc.","854 North Prince Street Lancaster, PA 17603",717-393-3941,717-393-3941 fax,,
1430,IBSDirect,"431 Yerkes Road King of Prussia, PA 19406-3523",610-265-8210,610-265-7997 fax,,
1431,"IdeaOverTen, LLC","3140 Tilghman St. Suite 128 Allentown, PA 18104",610-437-4340,866-414-6165 fax,,
1432,"International Direct Response, Inc.","1125 Lancaster Ave. Berwyn, PA 19312-1243",610-993-0500,610-993-9938 fax,,
1433,Jean-Pierre Stepan,"2W Silver Creek Drive Mars, PA 16046",724-612-2237,,,
1434,Lenox Group Inc.,"1414 Radcliffe St Bristol, PA 19007-5413",267-525-7800,,,
1435,Litrides & Associates LLC,"532 North President Avenue Lancaster, PA 17603",717-207-0212,,,
1436,MarketForce Corporation,"3605 Chapel Rd Suite C Newtown Square, PA 19073-3602",610-356-5220,610-356-5110 fax,,
1437,MarketMAPS / GbBIS,"10 First Street PO Box 119 Wellsboro, PA 16901",570-724-7355,570-784-7394 fax,,
1438,McCourt Label Company,"20 Egbert Ln Lewis Run, PA 16738",814-362-3851,888-735-0014 fax,,
1439,MMS Education,"105 Terry Drive, Suite 120 Newtown, PA 18940",215-579-9590,215-579-8589 fax,,
1440,New Pig Corporation,"One Pork Ave. Tipton, PA 16684",814-684-0101,,,
1441,Nova DM,"633 E. Drinker St. Dunmore, PA 18512-2505",570-342-8668,570-342-8666 fax,,
1442,Penn Mutual,"600 Dresher Road Horsham, PA 19044-2204",215-956-8083,,,
1443,Penn State Hazleton,"76 University Dr Hazleton, PA 18202-8025",570-450-3175,,,
1444,"PlusNetMarketing, Inc.","415 Eagleview Blvd #116 Exton, PA 19341",610-458-0707,,,
1445,"Rodale, Inc.","33 E Minor St Emmaus, PA 18098-0001",610-967-5171,,,
1446,SAE International,"400 Commonwealth Dr Warrendale, PA 15086-7511",724-776-4841,,,
1447,Sculptz,"1150 Northbrook Dr Ste 200 Trevose, PA 19053-8443",215-494-2900,,,
1448,Sir Speedy Havertown,"443 West Chester Pike Havertown, PA 19083",610-789-2685,610-789-2690 fax,,
1449,Sir Speedy Printing,"445 York road Warminster, PA 18974",215-443-7773,215.443.8393 fax,,
1450,The Franklin Mint,"801 Springdale Dr Ste 200 Franklin Center, PA 19341-2897",610-884-4800,,,
1451,TRG Customer Solutions,"2701 Renaissance Blvd King of Prussia, PA 19406-2781",202-289-9898,,,
1452,University of the Sciences,"600 South 43rd Street Philadelphia, PA 19104",215-596-8800,,,
1453,"Voice Systems Engineering, Inc.","900 Wheeler Way Suite A Langhorne, PA 19047-1706",215-953-8568,,,
1454,Western Pennsylvania Conservancy,"800 Waterfront Dr Pittsburgh, PA 15222-4793",412-288-2777,,,
1455,Woolrich Inc.,"2 Mill St. Woolrich, PA 17779",570-769-6464,,,
1456,Yellowbook,"2201 Renaissance Boulevard King of Prussia, PA 19406",610-731-2500,,,
1457,Amica Insurance,"PO Box 6008 Providence, RI 02940-6008",800-652-6422,,,
1458,Capital Design,"148 West River Street Providence, RI 02904",401-270-6777,401.633.6350 fax,,
1459,Catalog Design Studios,"8 Barnes St Providence, RI 02906-1517",888-409-9992,,,
1460,Collette Vacations,"180 Middle Street Pawtucket, RI 02860",401-727-9000,401-727-1000 fax,,
1461,"Hasbro, Inc.","1027 Newport Ave Pawtucket, RI 02861-2500",401-727-5000,,,
1462,LJM Enterprises,"37 D Stone Trail North Providence, RI 02904",401-588-0536,,,
1463,Metropolitan Property & Casualty Ins.,"700 Quaker Ln Warwick, RI 02886-6681",401-827-2104,,,
1464,MMSI,"931 Jefferson Blvd. Suite 1001 Warwick, RI 02886-2233",401-737-7730,401-737-6465 fax,,
1465,Rhode Island Novelty,"5 Industrial Rd Cumberland, RI 02864-4714",401-335-3300,,,
1466,Strategic Fundraising Consultants,"86 Lorraine Ave. Providence, RI 02906",401-274-3863,,,
1467,List Connection,"PO Box 1712 Simpsonville, SC 29681",864-962-0761,864-962-0769 fax,"...List Connection is the premier list management company in the United States offering virtually every type of consumer, business, email,...",http://www.listconnection.net
1468,Specialized Fundraising Services,"300 E Henry Street Spartanburg, SC 29302",864-579-7755 EXT 111,864-579-4008 fax,...Specialized Fundraising Services works exclusively with nonprofit organizations and has developed a high level of expertise in this market. With...,http://www.specializedfundraising.net
1469,"Pilmma, LLC","607 Briarwood Dr #4 Myrtle Beach, SC 29572",800-497-1890,,,
1470,TMM Direct,"P.O. Box 239 Clover, SC 29710-0239",803-831-5310,803-831-5308 fax,,
1471,Midco Connections,"4901 E 26th Street Sioux Falls, SD 57110",605-330-4125,,"...Midco is a customer contact center specializing in inbound and outbound services including order taking, customer service, market research, customer...",http://www.midcoconnections.com
1472,"St. Joseph's Indian School","1301 North Main Street Chamberlain, SD 57325",605-734-3300,,,
1473,Buffkin Group,"730 Cool Springs Blvd Ste 120 Franklin, TN 37067-7290",615-778-2140,615-771-0099 fax,"...As a privately held company, the Buffkin Group is driven by one objective: serving our clients. Our commitment to quality...",http://www.thebuffkingroup.com
1474,LucidView,"80 Rolling Links Blvd. Oak Ridge, TN 37830",888-582-4384,,"...LucidView = TESTING. Multivariable testing and best practices in the art and science of in-market product, price, offer, creative,...",http://www.lucidview.com
1475,ALSAC - St. Jude,"501 Saint Jude Pl Memphis, TN 38105-1905",901-495-3300,,,
1476,Altair Data Resources,"830 Crescent Centre Drive Ste. 240 Franklin, TN 37067-6426",615-468-6800,615-468-6878 fax,,
1477,American School Directory,"180 Freedom Avenue Murfreesboro, TN 37129",615-896-3800,615-895-9041 fax,,
1478,"Ansar, Inc.","6651 Bethesda Arno Rd. Thompsons Station, TN 37179-9216",615-368-2025,615-368-2068 fax,,
1479,Blatteis Communications,"3639 Huckleberry Street Memphis, TN 38116",901-356-0090,775-201-8331 fax,,
1480,Braxton-Bragg,"4100 Appalachian Way Knoxville, TN 37918-6961",865-293-0220,,,
1481,Data Intelligence Group,"9045 Carothers Pkwy Ste 200 Franklin, TN 37067-6478",615-861-3301,615-534-8318 fax,,
1482,Ducks Unlimited,"One Waterfowl Way Memphis, TN 38120-2351",901-758-3825,,,
1483,Edo Interactive,"3841 Green Hills Village Drive Suite 425 Nashville, TN 37215",615-297-6080,,,
1484,FORMAL APPROACH,"281 W Old Andrew Johnson Hwy Jefferson City, TN 37760-1805",865-475-8641,,,
1485,International Paper Company,"6400 Poplar Avenue Memphis, TN",901-419-9000,972-628-2434 fax,,
1486,LifeWay Christian Resources,"One Lifeway Plaza Nashville, TN 37234-1002",615-251-5822,,,
1487,Microsoft,"743 Georgetown Dr Nashville, TN 37205",615-830-1222,425-936-7329 fax,,
1488,National Civil Rights Museum,"450 Mulberry St. Memphis, TN 38103-4214",901-521-9699,,,
1489,Scripps Networks,"9721 Sherrill Boulevard Knoxville, TN 37932",865-560-2700,,,
1490,Sir Speedy Church Street,"1927 Church Street Nashville, TN 37203",615-327-2679,,,
1491,Sir Speedy Nashville,"1921 Elm Hill Place Nashville, TN 37210",615-885-8206,,,
1492,Tangerine direct - a service of archer>malmo,"65 Union Ave Ste 500 Memphis, TN 38103-5137",901-523-2000,,,
1493,Triax Data,"800 South Gay St. Ste. 650 Knoxville, TN 37929-9738",865-971-4333,865-971-4336 fax,,
1494,Verso Paper Corp.,"6775 Lenox Center Court Memphis, TN 38115",877-837-7606,800-570-5689 fax,,
1495,AllMedia Inc.,"5601 Democracy Drive Suite 255 Plano, TX 75024-3699",469-467-9100,214-291-5431 fax,"...AllMedia helps you build your business. We use our in depth knowledge of direct, email, and internet marketing to help...",http://www.allmediainc.com
1496,Brierley Partners,"5800 Tennyson Parkway Suite 300 Plano, TX 75024",214-760-8700,,"...The Loyalty and CRM experts. Founded in 1985 by Hal Brierley, Brierley+Partners (B+P) has an unparalleled history of creating proven,...",http://www.brierley.com
1497,Buxton,"2651 S. Polaris Drive Fort Worth, TX 76137-4479",817-332-3681,817-332-3686 fax,"...Retail Marketing Analytics Turn Your Customer Data Into Dollars In challenging times, you need an edge to survive and succeed. Buxton provides...",http://www.buxtonco.com
1498,Data Dallas Corporation,"1111 W Mockingbird Ln Ste 300 Dallas, TX 75247-5017",214-638-2007,214-638-0682 fax,...Data Dallas Corporation offers data processing services for the direct marketing industry and specializes in serving catalog markets. Because we...,http://www.Datadallas.Com
1499,Dieste,"1999 Bryan St Ste. 2700 Dallas, TX 75201",214-259-8000,214-259-8040 fax,"...Dieste is a full-service Hispanic advertising and marketing agency and offers integrated communications and business solutions, including strategic planning, world-class...",http://www.dieste.com
1500,Dunham+Company,"2400 Dallas Pkwy. Ste. 400 Plano, TX 75093",469-454-0100,469-454-0004 fax,"...Dunham+Company is a strategic consulting group dedicated to helping Christian non-profit ministries develop and implement integrated media, marketing and fundraising...",http://www.dunhamandcompany.com
1501,Harte-Hanks,"9601 McAllister Fwy Suite 610 San Antonio, TX 78216",800-456-9748,,"...Insight. Passion. Results. Three words at the heart of everything we do.At Harte-Hanks, we know it takes more...",http://www.harte-hanks.com
1502,hawkeye,"2828 Routh Street Suite 300 Dallas, TX 75201",214-749-0080,214-747-1897 fax,...hawkeye is a direct marketing agency that helps market innovators build brand preference and customer loyalty. We have developed and...,http://www.hawkeyeww.com
1503,KBM Group,"2050 N Greenville Ave Richardson, TX 75082",972-664-3600,972-664-3656 fax,"...KBM Group is the global leader in knowledge-based marketing solutions. Expert in both digital and traditional direct marketing, KBM...",http://www.kbmg.com
1504,"MultiView, Inc.","7701 Las Colinas Ridge Suite 800 Irving, TX 75063",972-402-7070,972-402-7074 fax,...MultiView is an experienced team of technology and business professionals who work with national associations to deliver...,http://www.multiview.com
1505,"Pop Labs, Inc","7850 Parkwood Circle, Suite B3 Houston, TX 77036",713-243-4500,877-850-2420 fax,...Founded in 2001 Pop Labs is one of the nations leading full service digital media agencies. Employing a unique holistic...,http://www.poplabs.com
1506,"Summit Direct Mail, Inc.","1655 Terre Colony Ct. Dallas, TX 75212-6222",469-916-5170,469-916-5183 fax,"...Summit Direct Mail has the ability to develop and implement direct marketing programs for targeted markets by combining comprehensive resources,...",http://www.summitdm.com
1507,Xpressdocs,"1000 Forest Park Blvd. Fort Worth, TX 76110",817-870-4601,blog.xpressdocs.com fax,"...Established in 2001, Xpressdocs strives to exploit innovations in digital printing and online service delivery to provide a direct marketing...",http://www.xpressdocs.com
1508,3Seventy,"707 Rio Grande Ste 100 Austin, TX 78701",512-501-5940,,,
1509,AAFES,"3911 S. Walton Walker Blvd. Dallas, TX 75236-1598",214-312-6700,,,
1510,Adplex,"650 Century Plaza Drive Suite 120 Houston, TX 77073-6014",281-821-5522,281-443-1040 fax,,
1511,Alen Corporation,"5114 Balcones Woods Dr. Ste. 307-299 Austin, TX",800-630-2396,512-857-7961 fax,,
1512,American College of Emergency Physicians,"1125 Executive Circle Irving, TX 75038",972-550-0911,,,
1513,AT&T,"208 S Akard St Dallas, TX 75202-4206",404-249-2000,,,
1514,Bowman & Partners,"1914 Spring Dr Ste 101 Keller, TX 76262-7416",817-431-3441,,,
1515,Brad Cecil & Associates,"2700 W Park Row Dr Pantego, TX 76013-2258",817-795-8808,,,
1516,Business Extension Bureau Inc,"4802 Travis St Houston, TX 77002-9796",713-528-5568,713-528-1648 fax,,
1517,"Cal Farley's","PO Box 1890 Amarillo, TX 79174-0001",806-372-2341,,,
1518,Careington International,"7400 GAYLORD PARKWAY Frisco, TX 75034",800-441-0380,877-335-7811 fax,,
1519,Collider Media,"1011 San Jacinto Blvd Ste 202 Austin, TX 78701",512-745-8070,,,
1520,Convio,"11501 Domain Drive Suite 200 Austin, TX 78758",512-652-2600,512-652-2699 fax,,
1521,Engauge Direct,"11401 Century Oaks Terrace Suite 400 Austin, TX 78758-8703",614-573-1472,,,
1522,Epsilon,"4301 Regent Boulevard Irving, TX 75063",212-457-7000,972.582.9700 fax,,
1523,"Etech, Inc","1903 Berry Dr. Nacogdoches, TX 75964",936-559-2200,936-559-2225 fax,,
1524,Farstar,"1302 East Collins Blvd. Richardson, TX 75081",214-704-8517,22145769848 fax,,
1525,"Focus Direct, Inc., a DMH Company","9707 Broadway San Antonio, TX 78217-0568",800-299-9185,210-804-1071 fax,,
1526,Fossil,"2280 N. Greenville Ave Richardson, TX 75082",800-699-9580,469-587-2995 fax,,
1527,Freeman Decorating Co.,"1600 Viceroy Suite 100 Dallas, TX 89119",214-445-1000,7022639264 fax,,
1528,Frost Bank,"100 W. Houston Street PO Box 1600 San Antonio, TX 78205-1414",1-210-220-5155,,,
1529,"Gibson Direct, Inc.","204 Plantation Coppell, TX 75019",972-462-7580,,,
1530,Globe Life And Accident Insurance Company,"3700 Stonebridge Dr. Mc Kinney, TX 75070",405-270-1191,,,
1531,GS Marketing,"1345 Enclave Parkway Houston, TX 77077",713-580-3900,713-580-5935 fax,,
1532,GSD&M Idea City,"828 W. 6th Street Austin, TX 78703",512-242-4736,512-242-8959 fax,,
1533,"Hennerberg Group, Inc.","5501 Willow Lane Colleyville, TX 76034-5149",817-318-8100,,,
1534,Invenio Marketing Solutions,"1905 Cramer Ln Austin, TX 78758",540-409-4801,,,
1535,IVIE,"601 Silveron Blvd Suite 200 Flower Mound, TX 75028",972-899-5000,,,
1536,Javelin,"7850 N Belt Line Rd Irving, TX 75063-6062",972-443-7000,,,
1537,KIMBIA,"1050 E 11th St Ste 200 Austin, TX 78702",512-474-4447,,,
1538,King Ranch Saddle Shop,"P. O. Box 1594 Kingsville, TX 78364-1594",361-595-1424,,,
1539,"Lockhart Industries, Inc.","9610 Skillman St Dallas, TX 75243-8202",214-348-1422,,,
1540,Manning Media International,"2128 Surrey Lane McKinney, TX 75070-7132",972-562-6960,972-542-3336 fax,,
1541,Market Approach Consulting,"111 E Center St P.O. Box 788 Lorena, TX 76655-0788",254-857-7017,254-857-7011 fax,,
1542,Mentoring Minds,"4882 Hightech Drive Tyler, TX 75703",903-509-4002,,,
1543,MLS Data Management Solutions,"200 North Mesquite Street Arlington, TX 76011-7525",817-804-6900,817-804-6999 fax,,
1544,Mr. Electric,"1020 N. University Parks Dr Waco, TX 76707",254-759-5861,866-339-0691 fax,,
1545,MT&L (Magnetic Ticket & Label Corp.),"8719 Diplomacy Row Dallas, TX 75247",214-634-8600,214-634-1562 fax,,
1546,National Envelope Company,"3211 Internet Boulevard Suite 200 Frisco, TX 75034",972-731-1100,972-731-1118 fax,,
1547,Promotional Products Association International - PPAI,"3125 Skyway Circle North Irving, TX 75038",972-258-3063,972-594-4063 fax,,
1548,QuantumDigital,"P. O. Box 140825 Austin, TX 78714-0825",800-637-7373,512-837-2777 fax,,
1549,RadioShack Corporation,"300 Radioshack Cir MS CF7-331 Fort Worth, TX 76102-1964",817-415-3011,,,
1550,Razor,"15851 Dallas Parkway Suite 725 Addison, TX 75001-3360",972-663-1100,214-742-1655 fax,,
1551,Results Generation,"8127 Mesa Drive, Suite B206-319 Austin, TX 78759",512-696-1536,,,
1552,RSI,"5151 Belt Line Road, Suite 900 Dallas, TX 75254",214-866-7500,214-866-7751 fax,,
1553,Sir Speedy Amarillo,"416 West 18th Street Amarillo, TX 79101",806-342-0606,,,
1554,Sir Speedy Austin,"211 East 7th Street Ste 100 Austin, TX 78701",512-472-4090,,,
1555,Sir Speedy Houston,"13240 Hempstead 216 Houston, TX 77040",713-462-0900,,,
1556,Society of Petroleum Engineers,"222 Palisades Creek Dr Richardson, TX 75080-2040",972-952-9393,,,
1557,Specialized Association Services,"130 E. John Carpenter Irving, TX 75062-2708",469-524-5122,,,
1558,Spirit Direct Marketing Services,"10330 Green Tree Houston, TX 77041",281-496-5614,281-496-9920 fax,,
1559,Stirista Global,"1100 NW Loop 410 Suite 700, Box 13 San Antonio, TX 78213",210-858-6844,210-693-1209 fax,,
1560,STRATMARK,"855 E. Collins Boulevard Richardson, TX 75081",972-664-1115,972-664-1120 fax,,
1561,Susan G. Komen for the Cure,"5005 Lyndon B Johnson Fwy Ste 250 Dallas, TX 75244-6125",972-855-1600,,,
1562,SWBC,"9311 San Pedro Ave Ste 600 San Antonio, TX 78216-4459",210-525-1241,,,
1563,Targetbase,"7850 N. Belt Line Rd. Irving, TX 75063",972-506-3400,972-506-3818 fax,,
1564,The Houston Chronicle,"801 Texas Avenue Suite #300 Houston, TX 77002-2996",713-362-7171,,,
1565,TKL Interactive,"3700 Standridge Dr Ste. 210 The Colony, TX 75056-4149",972-370-7878,972-370-7879 fax,,
1566,Tocquigny Advertising Interactive & Marketing,"401 Congress Avenue 17th Floor Austin, TX 78701-3744",512-532-2800,512-328-5645 fax,,
1567,True Auto,"3100 West 7th Suite 210 Ft Worth, TX 76107",817-751-7273,,,
1568,UCS-Universal Computer Systems,"6700 Hollister  Houston , TX 77040-5331",713-718-1800,713-718-1417 fax,,
1569,United Debt Services,"2611 Internet Blvd, Ste 201 Frisco, TX 75034",972-849-3669,,,
1570,University of North Texas,"PO Box 311460 Denton, TX 76203-1460",940-565-2205,,,
1571,USAA,"9800 Fredericksburg Rd San Antonio, TX 78240-4100",800-531-8722,,,
1572,"Who's Calling","200 Quality Circle College Station, TX 77845",866-382-2222,888-789-1998 fax,,
1573,Access Development,"PO Box 27563 Salt Lake City, UT 84127-0563",800-840-0032,,,
1574,"American Name Services, Inc.","774 South 400 E. Orem, UT 84097-6322",801-235-8061,801-764-0613 fax,,
1575,"Children's Miracle Network","205 W 700 S Salt Lake City, UT 84101-2726",801-214-7400,,,
1576,Chuck Sharp,"230 South 500 West Suite 215 Salt Lake City, UT 84101",801-575-6000,,,
1577,Datamark,"2305 Presidents Drive Salt Lake City, UT 84120",801-886-2002,,,
1578,Equitable Life & Casualty,"3 Triad Ctr Ste 200 Salt Lake City, UT 84180-1200",801-579-3400,,,
1579,Merrick Bank,"10705 S Jordan Gtwy Ste 200 South Jordan, UT 84095-3977",801-545-6647,,,
1580,Rastar,"2211 W 2300 S Salt Lake City, UT 84119-2019",801-973-6720,801-973-7149 fax,,
1581,"Response Agency, Inc.","936 Granite Peak Drive Suite 1100 Sandy, UT 84094",801-352-9100,,,
1582,Stephen Kimball DM Copywriting,"9489 N. Canyon Heights Dr. Cedar Hills, UT 84062-8812",801-796-7234,801-796-5799 fax,,
1583,ThomasArts,"PO Box 70 Farmington, UT 84025",801-451-5365,,,
1584,"All-n-One List Marketing, Inc.","PO Box 862 Fishersville, VA 22939-0862",703-717-5621,703-286-5418 fax,"...All-n-One List Marketing is a full service list brokerage and list management company. We serve fundraisers, business to business and...",http://www.allinonelistmarketing.com
1585,Atlantic List Company,"2425 Wilson Blvd., Ste. 500 Arlington, VA 22201-3326",703-528-7482,703-528-7492 fax,...Atlantic List is an employee-owned company supplying an array of list consulting services to the direct response community. Founded...,http://www.atlanticlist.com
1586,Chapman Cubine Adams + Hussey,"1600 Wilson Blvd., Suite 300 Arlington, VA 22209-2505",703-302-8250,703-248-0029 fax,...Chapman Cubine Adams + Hussey can provide your nonprofit organization with award-winning creative that truly demonstrates the power of direct...,http://www.ahadirect.com/Portals/70365/splash/spla
1587,"Craver, Mathews, Smith & Co.","8000 Towers Crescent Dr. Suite 1554 Vienna, VA 22182",703-258-0000,703-258-0001 fax,...Everything that we do at CMS is guided by this basic principle. That’s because at CMS we want to make a...,http://www.craveronline.com
1588,D2K Corp.,"226 Pleasant Lane Massanutten, VA 22840",919-368-1079,,...Are you satisfied with the number of new customers you acquire each month? Are you sure your customer acquisition efforts are...,http://www.d2kcorp.com
1589,"EdgeMark Partners, Inc.","4510 Cox Rd Ste. 305 Glen Allen, VA 23060-6759",804-967-2000,804-967-2111 fax,"...At EdgeMark, were intent on creating brand advantage -- and getting the results you want for your marketing investment --...",http://www.edgemarkpartners.com
1590,Huntsinger & Jeffer,"809 Brook Hill Circle Richmond, VA 23227",804-266-2499,804-266-8563 fax,"...Since 1964, Huntsinger & Jeffer has been an industry leader in creating effective, efficient targeted marketing for commercial and non-profit...",http://www.huntsinger-jeffer.com
1591,INTEGRAM,"22695 Commerce Center CT Dulles, VA 20166",703-849-1700,703-849-0056 fax,"...INTEGRAM's Menu of Turn-Key Marketing Solutions are UnrivaledAs a one-stop-shop, INTEGRAM will coordinate all aspects of your project from start...",http://www.integram.com
1592,Magnets USA,"817 Connecticut Ave., NE Roanoke, VA 24012-5317",800-869-7562,800.788.6872 fax,...Pre-order Magnetic Football Schedules and Get our Best Prices of the Year! A proven part of the successful agents game plan....,http://www.magnetsusa.com
1593,Mail America Communications,"1174 Elkton Farm Rd Forest, VA 24551-2128",434-534-8000,434-534-8047 fax,"...Seventeen years ago, we envisioned a full service direct mail company where the client's entire mail package could be produced...",http://www.mail-america.com
1594,Relevate,"6883 Commercial Dr. Springfield, VA 22159",703-658-8300,703-658-8301 fax,"...Relevate (formerly Telematch and Phoenix Data Processing) builds, manages and analyzes data in order to provide behavioral targeting and data...",http://www.relevategroup.com
1595,Advanced Technology Marketing,"1805 Library Street, Ste 200 Reston, VA 20190",703-925-7775,703-925-5555 fax,,
1596,Airlines Reporting Corporation,"3000 Wilson Blvd. Suite 300 Arlington, VA 22201",703-816-8000,,,
1597,AlphaGraphics,"8157 Staples Mill Rd Richmond, VA 23228-2751",804-627-0500,804-627-0526 fax,,
1598,American Diabetes Association,"1701 North Beauregard Street Alexandria, VA 22311-1733",703-549-1500,,,
1599,BMD,"901 N. Washington St., 3rd Fl. Alexandria, VA 22314-5509",703-549-3500,703-549-2358 fax,,
1600,Capitol Hill Lists,"202 Church Street Suite #100 Leesburg, VA 20175",706-546-0282,404-759-2018 fax,,
1601,"Carol Enters List Co., Inc. (CELCO)","9663 C Main Street Fairfax, VA 22031-3758",703-425-0052,703-425-0056 fax,,
1602,ChildFund International,"2821 Emerywood Pkwy Richmond, VA 23294-3726",804-756-2700,,,
1603,"Christian Relief Services Charities, Inc.","2550 Huntington Avenue Suite 200 Alexandria, VA 22303-1400",703-317-9086,,,
1604,Click2Mail,"3103 10th ST N Suite 201 Arlington, VA 22201-2191",703-521-9029,703.358.8811 fax,,
1605,Colonial Williamsburg Foundation,"P. O. Box 1776 Williamsburg, VA 23187-1776",757-229-1000,,,
1606,"Customink, LLC","7902 Westpark Dr. McLean, VA 22102",703-891-5264,,,
1607,Darden Executive Education University of Virginia Darden School of Business,"PO Box 7186 Charlottesville, VA 22906-7186",434-924-3904,,,
1608,DeHart & Darr Associates,"1360 Beverly Rd., Ste. 201 Mc Lean, VA 22101-3647",703-448-1000,,,
1609,Direct Mail Solutions,"4500 Sarellen Richmond, VA 23230",804-254-8300,630-653-7144 fax,,
1610,"Dominion Retail, Inc.","120 Tredegar Street Richmond, VA 22209",804-771-6886,866-645-9811 fax,,
1611,"Eberle Communications Group, Inc","1420 Spring Hill Rd. Ste. 490 Mc Lean, VA 22102-3028",703-893-1095,703-821-0920 fax,,
1612,Eloqua Corporation,"1921 Gallows Road Suite 250 VIenna, VA 22182-3900",866-327-8764,925-399-6105 fax,,
1613,Foxhall Corporation,"6849 Old Dominion Drive Ste. 320 Mc Lean, VA 22101-3791",703-749-3102,703-749-5332 fax,,
1614,Globalization Partners,"1600 Tysons Blvd Mc Lean, VA 22102",866-272-5874,,,
1615,HSP Direct,"13755 Sunrise Valley Dr Ste 450 Herndon, VA 20171-4682",703-793-3220,703-793-3221 fax,,
1616,INFOCUS Marketing,"4245 Sigler Road Warrenton, VA 20187",540-428-3240,866-708-5478 fax,,
1617,Integrated Direct Marketing,"12120 Sunset Hills Road Suite 450 Reston, VA 20190",703-547-4961,703-547-4962 fax,,
1618,"International Media Consulting, LLC","11233 Hunting Horn Lane Reston, VA 20191",703-629-8986,,,
1619,Intersections,"3901 Stonecroft Blvd Chantilly, VA 20151-1032",703-488-6100,,,
1620,JetSpring,"4022 Monument Ave Richmond, VA 23230-3908",804-921-3199,804-359-1686 fax,,
1621,Liberty Tax Service,"1716 Corporate Landing Parkway Virginia Bch, VA 23454",757-493-8855 x8115,,,
1622,"Marketing1by1, LLC","11350 Random Hills Road Suite 800 Fairfax, VA 22030",703-934-6020,703-591-3049 fax,,
1623,Martin Contact - A Division of the Martin Agency,"One Shockoe Plz. Richmond, VA 23219-4151",804-698-8000,804-698-8921 fax,,
1624,McClung Companies,"550 Commerce Avenue Waynesboro, VA 22980",540-949-8139,,,
1625,"Membership Marketing Partners, LLC","11250 Waples Mill Rd. Ste 310 Fairfax, VA 22030",703-272-1505,,,
1626,"MicroStrategy, Inc.","1850 Towers Crescent Plaza Tysons Corner, VA 22182",703-848-8600,,,
1627,MINDset Direct,"1208 N Inglewood St Arlington, VA 22205-2461",703-538-6463,,,
1628,National Relief Charities,"13318 Airpark Dr Elkwood, VA 22718-1760",540-825-5950,,,
1629,National Rifle Association of America,"11250 Waples Mill Rd. Fairfax, VA 22030-7400",703-267-1000,,,
1630,National Wildlife Federation,"11100 Wildlife Center Dr Reston, VA 20190-5362",703-438-6000,,,
1631,Navy Federal Credit Union,"820 Follin Ln SE Vienna, VA 22180-4907",888-842-6328,,,
1632,"NeuStar, Inc.","46000 Center Oak Plaza Sterling, VA 20166",571-434-5400,571-434-3535 fax,,
1633,Newspaper Association Of America,"4401 Wilson Blvd. Ste. 900 Arlington, VA 22203-4195",703-902-1600,,,
1634,Nexus Direct,"2101 Parks Avenue Suite 600 Virginia Beach, VA 23451",800-965-0577,757-340-5980 fax,,
1635,"O'Neill Marketing Company","10805 Main Street, #400 Fairfax, VA 22030-4900",703-934-0272,703-934-0273 fax,,
1636,Opower,"1515 North Courthouse Road Arlington, VA 22201",703-778-4544,,,
1637,PBS Distribution,"2100 Crystal Drive Arlington, VA 22202",703-208-0744,,,
1638,Printegration,"2200 Tomlynn Street Henrico, VA 23230",804-358-3493,804-358-2764 fax,,
1639,Production Solutions,"1953 Gallows Rd., Ste. 600 Vienna, VA 22182",703-734-5700,703-734-0136 fax,,
1640,Project HOPE,"255 Carter Hall Ln Millwood, VA 22646-0255",540-837-2100,,,
1641,Quarles Petroleum Inc.,"1701 Fall Hill Avenue Suite 200 Fredericksburg, VA 22401",450-361-4849,,,
1642,RedEngine Digital,"1485 Chain Bridge Rd Suite 305 Mc Lean, VA 22101-4501",703-556-8489,,,
1643,"Response Dynamics, Inc.","2070 Chain Bridge Rd. Ste. 520 Vienna, VA 22182-2569",703-442-7595,,,
1644,Ricoh Production Printing,"2000 N. 15th St Suite 250 Arlington, VA 22201",800-524-1801,,,
1645,Robertson Mailing List Company,"44084 Riverside Pkwy Suite 350 Leesburg, VA 20176",703-726-2822,703-726-9882 fax,,
1646,"S. Wallace Edwards & Sons, Inc.","P. O. Box 25 Surry, VA 23883-0025",757-294-3121,,,
1647,SCA Direct,"11200 Waples Mill Rd. Ste. 150 Fairfax, VA 22030-6077",703-293-6339,703-293-2301 fax,,
1648,Sir Speedy Printing & Marketing Services,"22 Church Ave, SW Roanoke, VA 24011",540-344-8550,,,
1649,Sir Speedy Printing and Marketing,"60 W. Mercury Blvd. Hampton, VA 23669",757-838-5500,,,
1650,Specialized Information Publishers Association (SIPA),"8229 Boone Blvd Ste 260 Vienna, VA 22182-2661",703-992-9339,,,
1651,Stateside Associates,"2300 Clarendon Blvd Fl 4 Arlington, VA 22201-3398",703-525-7466 x228,,,
1652,Stateside Associates,"2300 Clarendon Blvd Fl 4 Arlington, VA 22201-3398",703-525-7466 x228,,,
1653,Stateside Associates,"2300 Clarendon Blvd Fl 4 Arlington, VA 22201-3398",,,,
1654,Strategic Software Systems,"1508 Willow Lawn Drive Suite 111 Richmond, VA 23230",804-288-8827,,,
1655,Sustainable Forestry Initiative Inc. (SFI),"1600 Wilson Boulevard, #810 Arlington, VA 22209",202-596-3450,202-596-3451 fax,,
1656,TARGUSinfo,"8010 Towers Crescent Drive, 5th Floor Vienna, VA 22182",800-682-7487,703-272-6201 fax,,
1657,"The Christian Broadcasting Network, Inc.","977 Centerville Tpke Virginia Beach, VA 23463-1001",757-226-3542,,,
1658,The Data Center,"11210 Waples Hill Rd. Ste. 100 Fairfax, VA 22030-6036",703-359-2400,703-359-2644 fax,,
1659,The Lukens Company,"2800 Shirlington Road 9th Floor Arlington, VA 22206",703-845-8484,,,
1660,The Nature Conservancy,"4245 N. Fairfax Dr. Arlington, VA 22203-1650",703-841-5300,,,
1661,The Teaching Company,"4151 Lafayette Center Dr Chantilly, VA 20151-1232",703-502-7300,,,
1662,TMA Direct,"12120 Sunset Hills Road Suite 450 Reston, VA 20190",703-547-4940,703-547-4979 fax,,
1663,"Tridium, Inc","3951 Westerre Parkway Suite 350 Richmond, VA 23233",804-525-1648,,,
1664,"United Service Organizations, Inc. (USO)","2111 Wilson Blvd Suite 1200 Arlington, VA 22201",703-908-6466,,,
1665,USA Today,"7950 Jones Branch Dr. Mc Lean, VA 22102-3302",703-854-3400,,,
1666,"Veritas Analytics, Inc.","21351 Gentry Dr Sterling, VA 20166-8510",703-707-5620,703-707-6464 fax,,
1667,Washington Gas Energy Services,"13865 Sunrise Valley Drive Suite 200 Herndon, VA 20171-6189",703-793-7500,,,
1668,West Cary Group,"5 West Cary St Richmond, VA 23220",804-343-2029,,,
1669,800response,"200 Church Street Burlington, VT 05401",802-860-0378,800-NEW-ORDER fax,"...800response is North Americas premier provider of vanity numbers, like 1-800-NEW-CARS and 1-800-NEW-BATH, and offers the broadest selection available today....",http://www.800response.com
1670,"Datamann, Inc.","P. O. Box 1930 Wilder, VT 05088-1930",802-295-6600,802-296-3623 fax,"...Datamann provides a wide range of scaleable, cost-effective solutions for multi-channel marketers including:Order Management and Fulfillment SoftwareWarehouse Management SoftwareeCommerce InterfaceRetail...",http://www.datamann.com
1671,New England List Services Inc.,"171 Mountain View Road Danville, VT 05828-9641",802-684-1179,802-684-2113 fax,"...New England List Services, Inc helps you mail to targeted consumer mailing lists in your specialized market. We offer free...",http://www.Nelists.Com
1672,"David Shepard Associates, Inc.","777 McCooey Road Manchester, VT 05254",802-362-9956,802-362-9953 fax,,
1673,"De Rham & Company, Inc.","P.O. Box 889 Dorset, VT 05251-0889",802-867-0155,,,
1674,Direct Communications Corp,"23 Court Street Rutland, VT 05701-4002",802-747-3322,802-337-6337 fax,,
1675,DR Power Equipment,"127 Meigs Rd Vergennes, VT 05491-4600",802-877-1201,,,
1676,Global-Z International,"395 Shields Dr. PO Box 1524 Bennington, VT 05201",802-445-1011,802-445-1016 fax,,
1677,Green Mountain Coffee Roasters,"687 Marshall Avenue Williston, VT 05495",802-488-1592,,,
1678,"Harrington's of Vermont, Inc.","210 E. Main St. Richmond, VT 05477-7721",802-434-7500,,,
1679,The Offsethouse,"89 Sand Hill Road Essex, VT 05451",802-878-4440,802-879-4865 fax,,
1680,3D Mail Results,"6205 S. 231st Street Kent, WA 98032",888-250-1834,253-398-1551 fax,...Bust through the advertising and marketing clutter and explode your direct mail results with 3D Mail. Why do people...,http://www.3dmailresults.com
1681,Custom Toll Free,"914 164th St SE Mill Creek, WA 98012-6385",800-933-3030,909-494-4009 fax,...Custom Toll Free provides consulting solutions for businesses nationwide. Custom Toll Free delivers a variety of consulting services ranging from...,http://www.customtollfree.com
1682,GC Direct,"911 Western Ave Ste. 509 Seattle, WA 98104-1047",206-262-1999,206-262-0999 fax,"...We specialize in direct marketing of all kinds: email, search, direct mail, online advertising and marketing strategy. If you can...",http://www.gcdirect.com
1683,Hacker Group,"1215 4th Avenue Suite 2100 Seattle, WA 98161-1018",206-805-1500,206-805-1599 fax,"...Hacker Group is a results-focused, full-service direct marketing agency that specializes in new customer acquisition and customer life cycle marketing....",http://www.hackergroup.com
1684,Marchex,"520 Pike Street Suite 2000 Seattle, WA 98101",206-331-3300,,"...Marchex is a digital call advertising and small business marketing company. Marchex's mission is to unlock local commerce globally by helping...",http://www.marchex.com
1685,"Marketry, Inc.","11400 Southeast 8th Street Ste. 370 Bellevue, WA 98004",425-451-1262,425-451-1941 fax,"...Now in our 37th year, we service an extensive number of clients focused towards B2B and B2C markets. We have...",http://www.marketry.com
1686,Satori Software Inc.,"1301 5th Ave, Suite 2200 Seattle, WA 98101-2676",206-357-2900,206-357-2901 fax,...Make sure you are using the most accurate address data for your marketing campaigns. Satori Software address management solutions allow...,http://www.satorisoftware.com
1687,All Property Management,"2505 3rd Ave, Ste 325 Seattle, WA 98121",,,,
1688,All Star Directories,"2200 Alaskan Way, Suite 200 Seattle, WA 98121",206-436-7500,,,
1689,Ambassador Programs,"1956 Ambassador Way Spokane, WA 99224-4001",509-568-7800,,,
1690,"BUYSEASONS, Inc.","11232 120th Ave NE Kirkland, WA 98033-4531",262-901-2000,,,
1691,Costco Wholesale,"999 Lake Drive Issaquah, WA 98027",425-313-8647,,,
1692,Direct Resources Group,"311B Occidental Ave S Ste 300 Seattle, WA 98104-3869",206-749-0001,206-749-0005 fax,,
1693,Genesis Corporation,"P. O. Box 2242 Mount Vernon, WA 98273",360-422-6764,360-422-6765 fax,,
1694,Growing Family Portraits,"2003 Western Ave Ste 460 Seattle, WA 98121-2185",206-587-0333,,,
1695,Hipcricket Inc.,"11241 Slater Ave Ne Ste 201 Kirkland, WA 98033-8826",425-452-1111,425-827-1561 fax,,
1696,Hunt Marketing Group,"119 Pine St. Ste. 301 Seattle, WA 98101",206-447-5665,206-447-5789 fax,,
1697,"Innovyx, Inc.","1000 2nd Avenue #900 Seattle, WA 98104",206-674-8720,,,
1698,Marketfish,"512 2nd Ave - Suite 201 Seattle, WA 98104",206-905-1090,,,
1699,MasterWorks,"19462 Powder Hill Place NE Poulsbo, WA 98370",360-394-4300,360.394.4301 fax,,
1700,"Nautilus, Inc.","16400 SE Nautilus Dr Vancouver, WA 98683-5535",360-859-2900,,,
1701,PrecisionDemand,"821 2nd Ave Suite 700 Seattle, WA 98104",888-330-6975,,,
1702,Royalty Rewards,"1124 Fir Ave # 161 Blaine, WA 98230-9702",604-940-6900,,,
1703,Safeco Insurance Company,"4333 Brooklyn Ave NE Seattle, WA 98185-0001",206-545-5000,,,
1704,Sir Speedy Tacoma,"7450 South Tacoma Way STE B1 Tacoma, WA 98409-3906",253-576-7968,,,
1705,T-Mobile,"12920 SE 38th St Bellevue, WA 98006",425-378-4000,,,
1706,Tableau Software,"400 North 34th Street Suite 200 Seattle, WA 98103",206-633-3400,206-633-3004 fax,,
1707,TalentWise,"500 108th Ave NE Bellevue, WA 98004",877-974-1500,425-974-6197 fax,,
1708,University of Washington Educational Outreach,"Box 359480 Seattle, WA 98195-9480",206-685-6566,,,
1709,"Virtuoso, Ltd.","1001 SW Klickitat Way Ste 105 Seattle, WA 98134-1161",206-625-0969,,,
1710,"Washington State University Foundation, Annual & Special Gifts","P.O. Box 641925 Pullman, WA 99164-1925",509-335-1782,,,
1711,"A.B. Data, Ltd.","4057 N Wilson Drive Milwaukee, WI 53211",414-963-7802,414-963-7899 fax,...MENTION THE DMA DIRECT MARKETING SEARCH TO SEE IF YOU QUALIFY FOR CURRENT PROMOTIONS A.B. Data is a nationally recognized firm...,http://www.abdata.com
1712,Quad/Graphics,"N61 W23044 Harry's Way Sussex, WI 53089-3995",414-566-6000,,"...Quad/Graphics serves the catalog and direct mail markets with inventive print options to engage recipients, improve response rates and maximize...",http://www.QG.com
1713,QuadDirect,"W224 N3322 Duplainville Rd. Pewaukee, WI 53072-4195",414-566-6100,414-566-4668 fax,...QuadDirect is your one partner from concept through multi-channel deployment. We help marketers reduce their cost-per-response and boost their marketing...,http://www.quaddirect.com
1714,Ripon Printers,"656 S. Douglas Street PO Box 6 Ripon, WI 54971-0006",920-748-3136,920-748-3741 fax,...Ripon Printers is an award-winning printer of catalogs and directories as well as manuals and soft cover educational products. We...,http://www.riponprinters.com
1715,"TEC Mailing Solutions, LLC","804 Liberty Blvd Ste 201 Sun Prairie, WI 53590-9269",608-825-8525,,"...Our MissionTEC Mailing Solutions mission is to uniquely help printers, publishers, catalogers and direct mailers avoid increased costs and headaches...",http://www.tecmailing.com
1716,"American Girl Brands, LLC","8400 Fairway Pl. Middleton, WI 53562-2548",608-836-4848,,,
1717,American Lung Association,"219 N Main St Ste 201 River Falls, WI 54022-2369",715-425-8390,,,
1718,Appleton Coated LLC,"540 Prospect Street Combined Locks, WI 54113",920-968-3929,920-968-3950 fax,,
1719,Arandell Corporation,"N. 82 W. 13118 Leon Rd. Menomonee Falls, WI 53051",262-255-4400,262-253-3162 fax,,
1720,Bader Rutter,"13845 Bishop's Drive Brookfield, WI 53005-6616",262-784-7200,262-938-5595 fax,,
1721,Commercial Zone Products,"2727 W Good Hope Road Milwaukee, WI 53209",414-228-7000,414-228-4366 fax,,
1722,"Communication Logistics, Inc.","2040 Jay Mar Rd Plover, WI 54467",715-341-6180,715-341-7971 fax,,
1723,CUNA - Trade Association,"5710 Mineral Point Rd Madison, WI 53705-4454",608-231-4215,,,
1724,CUNA Mutual Group,"5910 Mineral Point Rd Madison, WI 53705-4498",608-238-5851,,,
1725,Fiserv,"255 Fiserv Drive Brookfield, WI 53045",678-375-3000,,,
1726,Freedom Graphic Systems,"1101 S. Janesville St. Milton, WI 53563-1838",800-334-3540,608-373-6595 fax,,
1727,Hunter Business Group LLC,"4650 N Port Washington Rd Milwaukee, WI 53212-1077",414-203-8060,414-203-8225 fax,,
1728,Imperial Supplies,"789 Armed Forces Dr Green Bay, WI 54304-4527",920-497-5403,,,
1729,International Foundation of Employee Benefit Plans,"18700 W Bluemound Rd Brookfield, WI 53045-2936",262-373-7758,,,
1730,"Jockey International Global, Inc.","2300 60th St. Kenosha, WI 53140-3822",262-658-8111,,,
1731,NASCO,"901 Janesville Ave. Fort Atkinson, WI 53538-2497",920-563-2446,,,
1732,Priests of the Sacred Heart,"PO Box 900 Hales Corners, WI 53130-0900",414-425-3383,,,
1733,Primary Inc,"N 3211 County Road H Lake Geneva, WI 53147",,,,
1734,Proven Direct,"1301 W Canal St Milwaukee, WI 52233",866-952-8594,262-703-0520 fax,,
1735,Sajan Inc.,"625 Whitetail Blvd. River Falls, WI 54022",715-426-9505,715-426-0105 fax,,
1736,Sir Speedy - Green Bay,"333 Packerland Drive Green Bay, WI 54303",920-494-4236,,,
1737,The Scan Group,"W222 N625 Cheaney Drive Waukesha, WI 53186",262-521-1365,262-521-3265 fax,,
1738,Thermo Fisher Scientific - SID,"5225 Verona Rd Madison, WI 53711-4497",608-276-6100,,,
1739,Travel Guard,"3300 Business Park Drive Stevens Point, WI 54481-2980",715-345-9124,,,
1740,Zeon Solutions,"311 E. Chicago Street, Suite 520 Milwaukee, WI 53202",414-847-1150,,,
1741,Mail America,"89 Bridge Street Plz Wheeling, WV 26003-5209",304-242-8081,304-242-8082 fax,,
1742,Unicover Corporation,"1 Unicover Cheyenne, WY 82008-0001",307-771-3000,,,
